[{"model": "activities.activity", "pk": 48, "fields": {"created": "2015-02-20T09:46:36.105Z", "modified": "2015-07-23T09:39:07.772Z", "name": "Basket", "number": "100", "slug": "basket", "informations": "<p>Tenue de sport et bonnes chaussures de basket</p>\r\n", "description": ""}}, {"model": "activities.activity", "pk": 49, "fields": {"created": "2015-02-20T09:46:36.105Z", "modified": "2015-02-20T09:46:39.780Z", "name": "Escrime", "number": "200", "slug": "escrime", "informations": "<p>Tenue de gymnastique et chaussures pour la salle</p>\r\n", "description": "<p>Le mat&eacute;riel d&rsquo;escrime est fourni par l&rsquo;organisateur</p>\r\n"}}, {"model": "activities.activity", "pk": 50, "fields": {"created": "2015-02-20T09:46:36.105Z", "modified": "2015-02-20T09:46:39.780Z", "name": "Capoeira", "number": "300", "slug": "capoeira", "informations": "<p>Tenue de gymnastique et chaussures pour la salle</p>\r\n", "description": ""}}, {"model": "activities.activity", "pk": 51, "fields": {"created": "2015-02-20T09:46:36.105Z", "modified": "2015-02-20T09:46:39.780Z", "name": "Pr\u00e9paration \u00e0 la course de l'Escalade", "number": "400", "slug": "prepcourse-escalade", "informations": "<p>Tenue de gymnastique -&nbsp;protection contre la pluie -&nbsp;chaussures pour l&rsquo;ext&eacute;rieur</p>\r\n", "description": "<ul>\r\n\t<li>le cours se terminera par la participation &agrave; la course de l&rsquo;Escalade, &agrave; Gen&egrave;ve,<strong> le samedi 6 d&eacute;cembre 2014.</strong></li>\r\n\t<li>les frais d&rsquo;inscription &agrave; la course sont inclus dans le prix du cours</li>\r\n</ul>\r\n"}}, {"model": "activities.activity", "pk": 52, "fields": {"created": "2015-02-20T09:46:36.105Z", "modified": "2015-02-20T09:46:39.780Z", "name": "Tennis", "number": "500", "slug": "tennis", "informations": "<ul>\r\n\t<li>Tenue de sport et bonnes chaussures de basket</li>\r\n\t<li>Les enfants prennent si possible leur propre raquette, toutefois, il n&rsquo;est pas n&eacute;cessaire d&rsquo;en acheter une pour ce cours, elle peut au besoin &ecirc;tre emprunt&eacute;e &agrave; l&rsquo;&eacute;cole</li>\r\n</ul>\r\n", "description": ""}}, {"model": "activities.activity", "pk": 53, "fields": {"created": "2015-02-20T09:46:36.105Z", "modified": "2015-02-20T09:46:39.780Z", "name": "VTT", "number": "600", "slug": "vtt", "informations": "<ul>\r\n\t<li>une tenue adapt&eacute;e &agrave; la pratique du v&eacute;lo</li>\r\n\t<li>une protection contre la pluie</li>\r\n\t<li>une petite collation et de la boisson en suffisance</li>\r\n\t<li>une bicyclette en parfait &eacute;tat de marche pr&eacute;vue pour le terrain</li>\r\n\t<li>une chambre &agrave; air de rechange (adapt&eacute;e &agrave; la taille des pneus)</li>\r\n</ul>\r\n", "description": "<ul>\r\n\t<li>Pied du Jura et environs</li>\r\n\t<li>le port du casque est obligatoire</li>\r\n\t<li>les casques peuvent &ecirc;tre emprunt&eacute;s &agrave; l&rsquo;&eacute;cole</li>\r\n</ul>\r\n"}}, {"model": "activities.activity", "pk": 54, "fields": {"created": "2015-02-20T09:46:36.105Z", "modified": "2015-02-20T09:46:39.780Z", "name": "Agr\u00e8s", "number": "700", "slug": "agres", "informations": "<p>Tenue de gymnastique</p>\r\n", "description": ""}}, {"model": "activities.activity", "pk": 55, "fields": {"created": "2015-02-20T09:46:36.105Z", "modified": "2015-02-20T09:46:39.780Z", "name": "Initiation v\u00e9lo", "number": "800", "slug": "initiation-velo", "informations": "<ul>\r\n\t<li>une tenue adapt&eacute;e &agrave; la pratique du v&eacute;lo</li>\r\n\t<li>une bicyclette en parfait &eacute;tat de marche</li>\r\n</ul>\r\n", "description": "<ul>\r\n\t<li>le port du casque est obligatoire</li>\r\n\t<li>les casques peuvent &ecirc;tre emprunt&eacute;s &agrave; l&rsquo;&eacute;cole</li>\r\n\t<li><strong>les enfants doivent &ecirc;tre capable d&rsquo;utiliser un v&eacute;lo muni de petites roues auxiliaires</strong></li>\r\n</ul>\r\n"}}, {"model": "activities.activity", "pk": 56, "fields": {"created": "2015-02-20T09:46:36.105Z", "modified": "2015-02-20T09:46:39.780Z", "name": "Initiation natation", "number": "900", "slug": "initiation-natation", "informations": "<p>linge, maillot et bonnet de bain<br />\r\n<strong>ATTENTION, pour les gar&ccedil;ons, les shorts ne sont pas autoris&eacute;s &agrave; la piscine de Ch&eacute;serex</strong></p>\r\n", "description": "<ul>\r\n\t<li><strong>le transport sur place n&rsquo;est pas organis&eacute; par l&rsquo;&eacute;cole et rel&egrave;ve de la responsabilit&eacute; des parents</strong></li>\r\n\t<li>les enfants passent 45 minutes dans l&rsquo;eau par s&eacute;ance</li>\r\n\t<li>une certaine autonomie est souhait&eacute;e pour se changer et se s&eacute;cher les cheveux</li>\r\n</ul>\r\n"}}, {"model": "activities.activity", "pk": 57, "fields": {"created": "2015-02-20T09:46:36.105Z", "modified": "2015-02-20T09:46:39.780Z", "name": "Volley", "number": "1000", "slug": "volley", "informations": "<p>Tenue de gymnastique et bonnes baskets pour la salle</p>\r\n", "description": ""}}, {"model": "activities.activity", "pk": 58, "fields": {"created": "2015-02-20T09:46:36.105Z", "modified": "2015-02-20T09:46:39.780Z", "name": "Patinage", "number": "1100", "slug": "patinage", "informations": "<ul>\r\n\t<li>habits chauds et imperm&eacute;ables</li>\r\n\t<li>casque ou bonnet</li>\r\n\t<li>gants</li>\r\n\t<li>les patins sont fournis</li>\r\n</ul>\r\n", "description": "<p style=\"margin: 0px; font-size: 12px; line-height: normal; font-family: 'Helvetica Neue'; \"><strong><span style=\"letter-spacing: 0.0px\">ATTENTION ! les enfants d&eacute;butent le cours avec les patins chauss&eacute;s et lac&eacute;s correctement !</span></strong></p>\r\n"}}, {"model": "activities.activity", "pk": 59, "fields": {"created": "2015-02-20T09:46:36.105Z", "modified": "2015-02-20T09:46:39.780Z", "name": "Grimpe", "number": "1200", "slug": "grimpe", "informations": "<p>Tenue de sport et baskets pour l&rsquo;ext&eacute;rieur avec des semelles rigides<br />\r\n<br />\r\n<strong>ATTENTION, stationnement absolument impossible dans l&#39;enceinte du foyer !</strong></p>\r\n", "description": "<ul>\r\n\t<li>les enfants apprennent les bases de l&rsquo;escalade sportive dans un environnement s&eacute;curis&eacute; et adapt&eacute;</li>\r\n\t<li>les s&eacute;ances ont lieu par tous les temps</li>\r\n</ul>\r\n"}}, {"model": "activities.activity", "pk": 60, "fields": {"created": "2015-02-20T09:46:36.105Z", "modified": "2015-02-20T09:46:39.780Z", "name": "Foot en salle", "number": "1300", "slug": "foot-en-salle", "informations": "<p>Tenue de gymnastique et chaussures pour la salle</p>\r\n", "description": ""}}, {"model": "activities.activity", "pk": 61, "fields": {"created": "2015-02-20T09:46:36.105Z", "modified": "2015-02-20T09:46:39.780Z", "name": "Hockey en salle", "number": "1400", "slug": "hockey-en-salle", "informations": "<ul>\r\n\t<li>tenue de gymnastique et chaussures pour la salle</li>\r\n\t<li>les cannes et les balles sont fournies par l&rsquo;organisateur<br />\r\n\t&nbsp;</li>\r\n</ul>\r\n", "description": ""}}, {"model": "activities.activity", "pk": 62, "fields": {"created": "2015-02-20T09:46:36.105Z", "modified": "2015-02-20T09:46:39.780Z", "name": "Athl\u00e9tisme", "number": "1500", "slug": "athletisme", "informations": "<p>Tenue de gymnastique et chaussures pour la salle</p>\r\n", "description": "<p>Cette activit&eacute; propose la d&eacute;couverte de plusieurs disciplines de base de l&rsquo;athl&eacute;tisme</p>\r\n"}}, {"model": "activities.activity", "pk": 63, "fields": {"created": "2015-02-20T09:46:36.105Z", "modified": "2015-02-20T09:46:39.780Z", "name": "Voile", "number": "1600", "slug": "voile", "informations": "<p>vieilles basket, protection contre la pluie, maillot de bain</p>\r\n", "description": "<p><span style=\"color:#FF0000;\">ATTENTION !<br />\r\nles enfants doivent savoir nager<br />\r\nun test pr&eacute;alable de natation sera organis&eacute; dans le cadre de ce cours et seuls les enfants qui auront d&ucirc;ment pass&eacute; ce test verront leur admission &agrave; l&#39;activit&eacute; valid&eacute;e</span></p>\r\n"}}, {"model": "activities.activity", "pk": 64, "fields": {"created": "2015-02-20T09:46:36.105Z", "modified": "2015-02-20T09:46:39.780Z", "name": "Ski de fond", "number": "1700", "slug": "ski-de-fond", "informations": "<ul>\r\n\t<li><strong>centre de ski nordique de La Vattay</strong></li>\r\n\t<li>tenue de ski adapt&eacute;e, attention &agrave; ne pas avoir TROP CHAUD, protection contre les intemp&eacute;ries</li>\r\n\t<li>RDV pour le d&eacute;part aux ROJALETS &agrave; Coppet, parking nord, au dessus des terrains de football<br />\r\n\t&nbsp;</li>\r\n</ul>\r\n", "description": "<ul>\r\n\t<li>le transport, la location du mat&eacute;riel de ski et le forfait pour l&rsquo;acc&egrave;s aux pistes sont inclus dans la finance d&rsquo;inscription</li>\r\n\t<li>Il est indispensable de pr&eacute;ciser la pointure de l&rsquo;enfant lors de l&rsquo;inscription en ligne</li>\r\n\t<li><span style=\"color:#FF0000;\">le site&nbsp;&quot;kepchup.ch&quot; confirme la veille de chaque sortie, d&egrave;s 14h00, si la sortie &agrave; lieu comme pr&eacute;vu</span></li>\r\n</ul>\r\n"}}, {"model": "activities.activity", "pk": 65, "fields": {"created": "2015-02-20T09:46:36.105Z", "modified": "2015-02-20T09:46:39.780Z", "name": "Judo", "number": "1800", "slug": "judo", "informations": "<p>Pieds nus, pantalon de jogging et t-shirt</p>\r\n", "description": ""}}, {"model": "activities.activity", "pk": 66, "fields": {"created": "2015-02-20T09:46:36.105Z", "modified": "2015-02-20T09:46:39.780Z", "name": "Hockey sur gazon", "number": "1900", "slug": "hockey-sur-gazon", "informations": "<ul>\r\n\t<li>tenue de sport pour l&rsquo;ext&eacute;rieur</li>\r\n\t<li>bonnes chaussures de gym<br />\r\n\t&nbsp;</li>\r\n</ul>\r\n", "description": "<p>le cours &agrave; lieu par tous les temps</p>\r\n"}}, {"model": "activities.activity", "pk": 67, "fields": {"created": "2015-02-20T09:46:36.105Z", "modified": "2015-02-20T09:46:39.780Z", "name": "Kin-ball", "number": "2000", "slug": "kin-ball", "informations": "<p>tenue de sport et bonnes chaussures de basket</p>\r\n", "description": "<ul>\r\n\t<li>activit&eacute; dynamique et &eacute;ducative, ouverte &agrave; toutes et tous, se pratiquant en salle de gymnastique</li>\r\n\t<li>bas&eacute;&nbsp;sur la collaboration et l&#39;entraide, le jeu permet &agrave; 3 &eacute;quipes de 4 joueuses/joueurs de se rencontrer en int&eacute;grant constamment l&#39;ensemble des protagonistes</li>\r\n</ul>\r\n\r\n<p><br />\r\n<iframe allowfullscreen=\"\" frameborder=\"0\" height=\"315\" src=\"//www.youtube.com/embed/AwARYtlzivc\" width=\"420\"></iframe></p>\r\n"}}, {"model": "activities.activity", "pk": 68, "fields": {"created": "2015-02-20T09:46:36.105Z", "modified": "2015-02-20T09:46:39.780Z", "name": "Danse-zumba", "number": "2100", "slug": "danse-zumba", "informations": "<ul>\r\n\t<li>tenue de danse ou de gymnastique l&eacute;g&egrave;re</li>\r\n\t<li>basagnes ou pieds nus</li>\r\n</ul>\r\n", "description": ""}}, {"model": "activities.activity", "pk": 69, "fields": {"created": "2015-02-20T09:46:36.105Z", "modified": "2015-02-20T09:46:39.780Z", "name": "Echecs", "number": "2200", "slug": "echecs", "informations": "<p>Tout le mat&eacute;riel est fourni</p>\r\n", "description": "<p>le cours s&#39;adresse aux enfants de tous niveaux, mais plus particuli&egrave;rement aux d&eacute;butants</p>\r\n"}}, {"model": "activities.activity", "pk": 70, "fields": {"created": "2015-02-20T09:46:36.105Z", "modified": "2015-02-20T09:46:39.780Z", "name": "Initiation au rugby", "number": "2300", "slug": "initiation-au-rugby", "informations": "<p>&bull; Tenue de sport pour l&#39;ext&eacute;rieur, &agrave; adapter en fonction de la m&eacute;t&eacute;o<br />\r\n&bull; bonnes chaussures de sport qui seront utilis&eacute;es sur un terrain en herbe</p>\r\n", "description": ""}}, {"model": "activities.activity", "pk": 71, "fields": {"created": "2015-02-20T09:46:36.105Z", "modified": "2015-02-20T09:46:39.780Z", "name": "Slalom roller", "number": "2400", "slug": "slalom-roller", "informations": "<p>&bull; le cours a lieu par tous les temps, en salle si n&eacute;cessaire<br />\r\n&bull; tenue de sport confortable et adapt&eacute;e &agrave; la m&eacute;t&eacute;o<br />\r\n&bull; les participants s&#39;&eacute;quipent, si possible, de leurs propres patins in-line et de leur propre casque<br />\r\n<strong>&bull; si necessaire, tout le mat&eacute;riel peut &ecirc;tre emprunt&eacute; sur place</strong></p>\r\n", "description": "<p><a href=\"https://www.youtube.com/watch?v=eXRGLK7rVGA\">https://www.youtube.com/watch?v=eXRGLK7rVGA</a></p>\r\n"}}, {"model": "activities.activity", "pk": 72, "fields": {"created": "2015-03-17T08:24:55.481Z", "modified": "2015-03-17T08:24:55.481Z", "name": "Luge", "number": "234", "slug": "luge", "informations": "<p>dsa</p>\r\n", "description": "<p>dfsa</p>\r\n"}}, {"model": "activities.activity", "pk": 73, "fields": {"created": "2015-03-17T08:28:38.458Z", "modified": "2015-03-17T08:28:38.458Z", "name": "Bob \u00e0 4", "number": "32324", "slug": "bob-a-4", "informations": "<p>das</p>\r\n", "description": "<p>das</p>\r\n"}}, {"model": "activities.activity", "pk": 74, "fields": {"created": "2015-03-17T08:35:09.863Z", "modified": "2015-03-17T08:35:09.863Z", "name": "Bob \u00e0 8", "number": "32325", "slug": "bob-a-8", "informations": "<p>das</p>\r\n", "description": "<p>das</p>\r\n"}}, {"model": "activities.activity", "pk": 75, "fields": {"created": "2015-03-17T08:35:44.862Z", "modified": "2015-03-17T08:35:44.862Z", "name": "Bob \u00e0 16", "number": "32326", "slug": "bob-a-16", "informations": "<p>das</p>\r\n", "description": "<p>das</p>\r\n"}}, {"model": "activities.extraneed", "pk": 1, "fields": {"created": "2015-02-20T09:46:51.318Z", "modified": "2015-02-20T09:46:54.490Z", "activity": 64, "question_label": "Taille des chaussures (25-45):"}}, {"model": "activities.extraneed", "pk": 2, "fields": {"created": "2015-02-20T09:46:51.318Z", "modified": "2015-02-20T09:46:54.490Z", "activity": 58, "question_label": "Taille des chaussures (25-45)"}}, {"model": "activities.course", "pk": 57, "fields": {"created": "2015-02-20T09:46:44.280Z", "modified": "2015-07-23T09:51:01.432Z", "activity": 48, "number": "121", "uptodate": true, "responsible": 1015, "price": null, "number_of_sessions": 10, "day": 1, "start_date": "2015-01-05", "end_date": "2015-03-16", "start_time": "16:15:00", "end_time": "17:15:00", "place": "salle de gymnastique de Commugny", "min_participants": 14, "max_participants": 24, "schoolyear_min": 5, "schoolyear_max": 6}}, {"model": "activities.course", "pk": 58, "fields": {"created": "2015-02-20T09:46:44.280Z", "modified": "2015-02-20T10:26:13.624Z", "activity": 49, "number": "211", "uptodate": false, "responsible": 1019, "price": "20.00", "number_of_sessions": 10, "day": 3, "start_date": "2014-09-24", "end_date": "2014-12-17", "start_time": "13:30:00", "end_time": "14:30:00", "place": "salle de rythmique polysportive | \u00e9cole de Founex", "min_participants": 12, "max_participants": 16, "schoolyear_min": 3, "schoolyear_max": 4}}, {"model": "activities.course", "pk": 59, "fields": {"created": "2015-02-20T09:46:44.280Z", "modified": "2015-02-20T10:26:13.628Z", "activity": 49, "number": "212", "uptodate": false, "responsible": 1019, "price": "10.00", "number_of_sessions": 10, "day": 3, "start_date": "2014-09-24", "end_date": "2014-12-17", "start_time": "14:30:00", "end_time": "15:00:00", "place": "salle de rythmique polysportive | \u00e9cole de Founex", "min_participants": 12, "max_participants": 16, "schoolyear_min": 2, "schoolyear_max": 2}}, {"model": "activities.course", "pk": 60, "fields": {"created": "2015-02-20T09:46:44.280Z", "modified": "2015-02-20T10:26:13.643Z", "activity": 49, "number": "222", "uptodate": false, "responsible": 1019, "price": "10.00", "number_of_sessions": 10, "day": 3, "start_date": "2015-01-07", "end_date": "2015-03-18", "start_time": "14:30:00", "end_time": "15:00:00", "place": "salle de rythmique polysportive | \u00e9cole de Founex", "min_participants": 12, "max_participants": 16, "schoolyear_min": 2, "schoolyear_max": 2}}, {"model": "activities.course", "pk": 61, "fields": {"created": "2015-02-20T09:46:44.280Z", "modified": "2015-02-20T10:26:13.638Z", "activity": 49, "number": "221", "uptodate": false, "responsible": 1019, "price": "20.00", "number_of_sessions": 10, "day": 3, "start_date": "2015-01-07", "end_date": "2015-03-18", "start_time": "13:30:00", "end_time": "14:30:00", "place": "salle de rythmique polysportive | \u00e9cole de Founex", "min_participants": 12, "max_participants": 16, "schoolyear_min": 5, "schoolyear_max": 6}}, {"model": "activities.course", "pk": 64, "fields": {"created": "2015-02-20T09:46:44.280Z", "modified": "2015-02-20T10:26:13.772Z", "activity": 51, "number": "411", "uptodate": false, "responsible": 1015, "price": "25.00", "number_of_sessions": 9, "day": 1, "start_date": "2014-09-29", "end_date": "2014-12-01", "start_time": "16:30:00", "end_time": "17:30:00", "place": "centre sportif de Mies", "min_participants": 24, "max_participants": 64, "schoolyear_min": 3, "schoolyear_max": 8}}, {"model": "activities.course", "pk": 65, "fields": {"created": "2015-02-20T09:46:44.280Z", "modified": "2015-02-20T10:26:13.793Z", "activity": 52, "number": "521", "uptodate": false, "responsible": 1017, "price": "10.00", "number_of_sessions": 5, "day": 3, "start_date": "2015-01-28", "end_date": "2015-03-11", "start_time": "15:00:00", "end_time": "16:00:00", "place": "salle de gymnastique aux Rojalets", "min_participants": 12, "max_participants": 14, "schoolyear_min": 3, "schoolyear_max": 4}}, {"model": "activities.course", "pk": 66, "fields": {"created": "2015-02-20T09:46:44.280Z", "modified": "2015-02-20T10:26:13.798Z", "activity": 52, "number": "522", "uptodate": false, "responsible": 1017, "price": "10.00", "number_of_sessions": 5, "day": 3, "start_date": "2015-01-28", "end_date": "2015-03-11", "start_time": "15:00:00", "end_time": "16:00:00", "place": "salle de gymnastique aux Rojalets", "min_participants": 12, "max_participants": 14, "schoolyear_min": 5, "schoolyear_max": 6}}, {"model": "activities.course", "pk": 67, "fields": {"created": "2015-02-20T09:46:44.280Z", "modified": "2015-02-20T10:26:13.802Z", "activity": 52, "number": "523", "uptodate": false, "responsible": 1017, "price": "10.00", "number_of_sessions": 5, "day": 3, "start_date": "2015-01-28", "end_date": "2015-03-11", "start_time": "14:00:00", "end_time": "15:00:00", "place": "salle de gymnastique aux Rojalets", "min_participants": 12, "max_participants": 14, "schoolyear_min": 5, "schoolyear_max": 6}}, {"model": "activities.course", "pk": 68, "fields": {"created": "2015-02-20T09:46:44.280Z", "modified": "2015-02-20T10:26:13.806Z", "activity": 52, "number": "524", "uptodate": false, "responsible": 1017, "price": "10.00", "number_of_sessions": 5, "day": 3, "start_date": "2015-01-28", "end_date": "2015-03-11", "start_time": "14:00:00", "end_time": "15:00:00", "place": "salle de gymnastique aux Rojalets", "min_participants": 12, "max_participants": 14, "schoolyear_min": 7, "schoolyear_max": 8}}, {"model": "activities.course", "pk": 69, "fields": {"created": "2015-02-20T09:46:44.280Z", "modified": "2015-02-20T10:26:13.819Z", "activity": 53, "number": "631", "uptodate": false, "responsible": 3, "price": "10.00", "number_of_sessions": 4, "day": 3, "start_date": "2015-04-22", "end_date": "2015-05-27", "start_time": "13:45:00", "end_time": "16:45:00", "place": "Rojalets - parking sud", "min_participants": 12, "max_participants": 20, "schoolyear_min": 5, "schoolyear_max": 6}}, {"model": "activities.course", "pk": 70, "fields": {"created": "2015-02-20T09:46:44.280Z", "modified": "2015-02-20T10:27:20.113Z", "activity": 54, "number": "711", "uptodate": true, "responsible": 1002, "price": "10.00", "number_of_sessions": 10, "day": 5, "start_date": "2014-09-26", "end_date": "2014-12-19", "start_time": "16:30:00", "end_time": "17:30:00", "place": "salle de gymnastique de Founex", "min_participants": 12, "max_participants": 18, "schoolyear_min": 5, "schoolyear_max": 6}}, {"model": "activities.course", "pk": 71, "fields": {"created": "2015-02-20T09:46:44.280Z", "modified": "2015-02-20T10:26:13.529Z", "activity": 54, "number": "721", "uptodate": false, "responsible": 1002, "price": "10.00", "number_of_sessions": 10, "day": 5, "start_date": "2015-01-09", "end_date": "2015-03-20", "start_time": "16:30:00", "end_time": "17:30:00", "place": "salle de gymnastique de Founex", "min_participants": 12, "max_participants": 18, "schoolyear_min": 4, "schoolyear_max": 4}}, {"model": "activities.course", "pk": 74, "fields": {"created": "2015-02-20T09:46:44.280Z", "modified": "2015-02-20T10:26:13.730Z", "activity": 55, "number": "811", "uptodate": false, "responsible": 3, "price": "10.00", "number_of_sessions": 5, "day": 3, "start_date": "2014-09-24", "end_date": "2014-12-03", "start_time": "14:00:00", "end_time": "15:00:00", "place": "centre sportif des Rojalets - bulle de tennis", "min_participants": 8, "max_participants": 14, "schoolyear_min": 2, "schoolyear_max": 4}}, {"model": "activities.course", "pk": 75, "fields": {"created": "2015-02-20T09:46:44.280Z", "modified": "2015-02-20T10:26:13.734Z", "activity": 55, "number": "812", "uptodate": false, "responsible": 3, "price": "10.00", "number_of_sessions": 5, "day": 3, "start_date": "2014-09-24", "end_date": "2014-12-03", "start_time": "15:00:00", "end_time": "16:00:00", "place": "centre sportif des Rojalets - bulle de tennis", "min_participants": 8, "max_participants": 14, "schoolyear_min": 2, "schoolyear_max": 4}}, {"model": "activities.course", "pk": 76, "fields": {"created": "2015-02-20T09:46:44.280Z", "modified": "2015-02-20T10:26:13.717Z", "activity": 56, "number": "911", "uptodate": false, "responsible": 1013, "price": "25.00", "number_of_sessions": 7, "day": 5, "start_date": "2014-09-26", "end_date": "2014-11-21", "start_time": "16:30:00", "end_time": "17:30:00", "place": "piscine couverte de Ch\u00e9serex", "min_participants": 10, "max_participants": 14, "schoolyear_min": 2, "schoolyear_max": 4}}, {"model": "activities.course", "pk": 77, "fields": {"created": "2015-02-20T09:46:44.280Z", "modified": "2015-02-20T10:26:13.721Z", "activity": 56, "number": "921", "uptodate": false, "responsible": 1013, "price": "25.00", "number_of_sessions": 7, "day": 5, "start_date": "2015-01-23", "end_date": "2015-03-13", "start_time": "16:30:00", "end_time": "17:30:00", "place": "piscine couverte de Ch\u00e9serex", "min_participants": 10, "max_participants": 14, "schoolyear_min": 2, "schoolyear_max": 4}}, {"model": "activities.course", "pk": 78, "fields": {"created": "2015-02-20T09:46:44.280Z", "modified": "2015-02-20T10:26:13.725Z", "activity": 56, "number": "931", "uptodate": false, "responsible": 1013, "price": "25.00", "number_of_sessions": 7, "day": 5, "start_date": "2015-04-24", "end_date": "2015-06-12", "start_time": "16:30:00", "end_time": "17:30:00", "place": "piscine couverte de Ch\u00e9serex", "min_participants": 10, "max_participants": 14, "schoolyear_min": 2, "schoolyear_max": 4}}, {"model": "activities.course", "pk": 79, "fields": {"created": "2015-02-20T09:46:44.280Z", "modified": "2015-02-20T10:26:13.844Z", "activity": 57, "number": "1011", "uptodate": false, "responsible": 1005, "price": "10.00", "number_of_sessions": 10, "day": 1, "start_date": "2014-09-29", "end_date": "2014-12-15", "start_time": "16:15:00", "end_time": "17:15:00", "place": "salle de gymnastique de Founex", "min_participants": 14, "max_participants": 24, "schoolyear_min": 5, "schoolyear_max": 7}}, {"model": "activities.course", "pk": 80, "fields": {"created": "2015-02-20T09:46:44.280Z", "modified": "2015-02-20T10:26:13.755Z", "activity": 58, "number": "1111", "uptodate": false, "responsible": 1006, "price": "10.00", "number_of_sessions": 5, "day": 4, "start_date": "2014-11-20", "end_date": "2014-12-18", "start_time": "16:15:00", "end_time": "17:15:00", "place": "patinoire de Coppet, au Ch\u00e2teau", "min_participants": 12, "max_participants": 22, "schoolyear_min": 2, "schoolyear_max": 4}}, {"model": "activities.course", "pk": 81, "fields": {"created": "2015-02-20T09:46:44.280Z", "modified": "2015-02-20T10:26:13.759Z", "activity": 58, "number": "1112", "uptodate": false, "responsible": 1006, "price": "10.00", "number_of_sessions": 5, "day": 4, "start_date": "2014-11-20", "end_date": "2014-12-18", "start_time": "17:30:00", "end_time": "18:30:00", "place": "patinoire de Coppet, au Ch\u00e2teau", "min_participants": 12, "max_participants": 22, "schoolyear_min": 2, "schoolyear_max": 4}}, {"model": "activities.course", "pk": 82, "fields": {"created": "2015-02-20T09:46:44.280Z", "modified": "2015-02-20T10:26:13.764Z", "activity": 58, "number": "1121", "uptodate": false, "responsible": 1006, "price": "10.00", "number_of_sessions": 5, "day": 4, "start_date": "2015-01-15", "end_date": "2015-02-12", "start_time": "16:15:00", "end_time": "17:15:00", "place": "patinoire de Coppet, au Ch\u00e2teau", "min_participants": 12, "max_participants": 22, "schoolyear_min": 2, "schoolyear_max": 4}}, {"model": "activities.course", "pk": 83, "fields": {"created": "2015-02-20T09:46:44.280Z", "modified": "2015-02-20T10:26:13.768Z", "activity": 58, "number": "1122", "uptodate": false, "responsible": 1006, "price": "10.00", "number_of_sessions": 5, "day": 4, "start_date": "2015-01-15", "end_date": "2015-02-12", "start_time": "17:30:00", "end_time": "18:30:00", "place": "patinoire de Coppet, au Ch\u00e2teau", "min_participants": 12, "max_participants": 22, "schoolyear_min": 2, "schoolyear_max": 4}}, {"model": "activities.course", "pk": 92, "fields": {"created": "2015-02-20T09:46:44.280Z", "modified": "2015-02-20T10:26:13.648Z", "activity": 60, "number": "1321", "uptodate": false, "responsible": 1010, "price": "10.00", "number_of_sessions": 10, "day": 1, "start_date": "2015-01-05", "end_date": "2015-03-16", "start_time": "16:15:00", "end_time": "17:15:00", "place": "salle de gymnastique de Founex", "min_participants": 14, "max_participants": 22, "schoolyear_min": 3, "schoolyear_max": 4}}, {"model": "activities.course", "pk": 93, "fields": {"created": "2015-02-20T09:46:44.280Z", "modified": "2015-02-20T10:26:13.652Z", "activity": 60, "number": "1331", "uptodate": false, "responsible": 1010, "price": "10.00", "number_of_sessions": 10, "day": 1, "start_date": "2015-03-23", "end_date": "2015-06-22", "start_time": "16:15:00", "end_time": "17:15:00", "place": "salle de gymnastique de Founex", "min_participants": 14, "max_participants": 22, "schoolyear_min": 5, "schoolyear_max": 6}}, {"model": "activities.course", "pk": 94, "fields": {"created": "2015-02-20T09:46:44.280Z", "modified": "2015-02-20T10:26:13.691Z", "activity": 61, "number": "1421", "uptodate": false, "responsible": 1014, "price": "10.00", "number_of_sessions": 10, "day": 4, "start_date": "2015-01-08", "end_date": "2015-03-19", "start_time": "16:15:00", "end_time": "17:15:00", "place": "salle de gymnastique aux Rojalets", "min_participants": 14, "max_participants": 22, "schoolyear_min": 5, "schoolyear_max": 8}}, {"model": "activities.course", "pk": 98, "fields": {"created": "2015-02-20T09:46:44.280Z", "modified": "2015-02-20T10:26:13.831Z", "activity": 63, "number": "1632", "uptodate": false, "responsible": 1012, "price": "25.00", "number_of_sessions": 5, "day": 4, "start_date": "2015-05-21", "end_date": "2015-06-18", "start_time": "16:15:00", "end_time": "18:30:00", "place": "\u00e9cole de voile de Terre-Sainte, port de Crans", "min_participants": 10, "max_participants": 12, "schoolyear_min": 5, "schoolyear_max": 6}}, {"model": "activities.course", "pk": 99, "fields": {"created": "2015-02-20T09:46:44.280Z", "modified": "2015-02-20T10:26:13.776Z", "activity": 64, "number": "1721", "uptodate": false, "responsible": 3, "price": "65.00", "number_of_sessions": 5, "day": 3, "start_date": "2015-01-07", "end_date": "2015-03-11", "start_time": "13:00:00", "end_time": "17:30:00", "place": "Rojalets - parking nord", "min_participants": 30, "max_participants": 44, "schoolyear_min": 3, "schoolyear_max": 8}}, {"model": "activities.course", "pk": 100, "fields": {"created": "2015-02-20T09:46:44.280Z", "modified": "2015-02-20T10:26:13.743Z", "activity": 65, "number": "1821", "uptodate": false, "responsible": 1011, "price": "10.00", "number_of_sessions": 10, "day": 3, "start_date": "2015-01-07", "end_date": "2015-03-18", "start_time": "15:15:00", "end_time": "16:15:00", "place": "salle de rythmique du coll\u00e8ge Necker \u00e0 Coppet (Chaucey)", "min_participants": 14, "max_participants": 20, "schoolyear_min": 4, "schoolyear_max": 4}}, {"model": "activities.course", "pk": 103, "fields": {"created": "2015-02-20T09:46:44.280Z", "modified": "2015-02-20T10:26:13.695Z", "activity": 66, "number": "1911", "uptodate": false, "responsible": 1004, "price": "10.00", "number_of_sessions": 10, "day": 3, "start_date": "2014-09-24", "end_date": "2014-12-17", "start_time": "15:00:00", "end_time": "16:00:00", "place": "centre sportif des Rojalets - terrain synth\u00e9tique", "min_participants": 14, "max_participants": 22, "schoolyear_min": 5, "schoolyear_max": 6}}, {"model": "activities.course", "pk": 104, "fields": {"created": "2015-02-20T09:46:44.280Z", "modified": "2015-02-20T10:26:13.704Z", "activity": 66, "number": "1931", "uptodate": false, "responsible": 1004, "price": "10.00", "number_of_sessions": 10, "day": 3, "start_date": "2015-03-25", "end_date": "2015-06-24", "start_time": "16:00:00", "end_time": "17:00:00", "place": "centre sportif des Rojalets - terrain synth\u00e9tique", "min_participants": 14, "max_participants": 22, "schoolyear_min": 2, "schoolyear_max": 4}}, {"model": "activities.course", "pk": 105, "fields": {"created": "2015-02-20T09:46:44.280Z", "modified": "2015-02-20T10:26:13.751Z", "activity": 67, "number": "2031", "uptodate": false, "responsible": 1007, "price": "10.00", "number_of_sessions": 10, "day": 2, "start_date": "2015-03-24", "end_date": "2015-06-23", "start_time": "16:30:00", "end_time": "17:30:00", "place": "salle de gymnastique de Chavannes", "min_participants": 14, "max_participants": 20, "schoolyear_min": 5, "schoolyear_max": 8}}, {"model": "activities.course", "pk": 106, "fields": {"created": "2015-02-20T09:46:44.280Z", "modified": "2015-02-20T10:26:13.633Z", "activity": 49, "number": "213", "uptodate": false, "responsible": 1019, "price": "20.00", "number_of_sessions": 10, "day": 3, "start_date": "2014-09-24", "end_date": "2014-12-17", "start_time": "15:00:00", "end_time": "16:00:00", "place": "salle de rythmique polysportive | \u00e9cole de Founex", "min_participants": 12, "max_participants": 16, "schoolyear_min": 7, "schoolyear_max": 8}}, {"model": "activities.course", "pk": 107, "fields": {"created": "2015-02-20T09:46:44.280Z", "modified": "2015-02-20T10:26:13.810Z", "activity": 52, "number": "525", "uptodate": false, "responsible": 1017, "price": "10.00", "number_of_sessions": 5, "day": 3, "start_date": "2015-01-28", "end_date": "2015-03-11", "start_time": "16:00:00", "end_time": "17:00:00", "place": "salle de gymnastique aux Rojalets", "min_participants": 12, "max_participants": 14, "schoolyear_min": 7, "schoolyear_max": 8}}, {"model": "activities.course", "pk": 108, "fields": {"created": "2015-02-20T09:46:44.280Z", "modified": "2015-02-20T10:26:13.814Z", "activity": 52, "number": "526", "uptodate": false, "responsible": 1017, "price": "10.00", "number_of_sessions": 5, "day": 3, "start_date": "2015-01-28", "end_date": "2015-03-11", "start_time": "16:00:00", "end_time": "17:00:00", "place": "salle de gymnastique aux Rojalets", "min_participants": 12, "max_participants": 14, "schoolyear_min": 3, "schoolyear_max": 4}}, {"model": "activities.course", "pk": 109, "fields": {"created": "2015-02-20T09:46:44.280Z", "modified": "2015-02-20T10:26:13.823Z", "activity": 53, "number": "632", "uptodate": false, "responsible": 1026, "price": "10.00", "number_of_sessions": 4, "day": 3, "start_date": "2015-04-22", "end_date": "2015-05-27", "start_time": "13:45:00", "end_time": "16:45:00", "place": "Rojalets - parking sud", "min_participants": 12, "max_participants": 20, "schoolyear_min": 7, "schoolyear_max": 8}}, {"model": "activities.course", "pk": 114, "fields": {"created": "2015-02-20T09:46:44.280Z", "modified": "2015-02-20T10:26:13.840Z", "activity": 63, "number": "1634", "uptodate": false, "responsible": 1012, "price": "25.00", "number_of_sessions": 5, "day": 4, "start_date": "2015-05-21", "end_date": "2015-06-18", "start_time": "16:15:00", "end_time": "18:30:00", "place": "\u00e9cole de voile de Terre-Sainte, port de Crans", "min_participants": 10, "max_participants": 12, "schoolyear_min": 7, "schoolyear_max": 8}}, {"model": "activities.course", "pk": 115, "fields": {"created": "2015-02-20T09:46:44.280Z", "modified": "2015-02-20T10:26:13.827Z", "activity": 63, "number": "1631", "uptodate": false, "responsible": 1012, "price": "25.00", "number_of_sessions": 5, "day": 2, "start_date": "2015-05-19", "end_date": "2015-06-16", "start_time": "16:15:00", "end_time": "18:30:00", "place": "\u00e9cole de voile de Terre-Sainte, port de Crans", "min_participants": 10, "max_participants": 12, "schoolyear_min": 5, "schoolyear_max": 6}}, {"model": "activities.course", "pk": 116, "fields": {"created": "2015-02-20T09:46:44.280Z", "modified": "2015-02-20T10:26:13.836Z", "activity": 63, "number": "1633", "uptodate": false, "responsible": 1012, "price": "25.00", "number_of_sessions": 5, "day": 2, "start_date": "2015-05-19", "end_date": "2015-06-16", "start_time": "16:15:00", "end_time": "18:30:00", "place": "\u00e9cole de voile de Terre-Sainte, port de Crans", "min_participants": 10, "max_participants": 12, "schoolyear_min": 7, "schoolyear_max": 8}}, {"model": "activities.course", "pk": 119, "fields": {"created": "2015-02-20T09:46:44.280Z", "modified": "2015-02-20T10:26:13.699Z", "activity": 66, "number": "1912", "uptodate": false, "responsible": 1004, "price": "10.00", "number_of_sessions": 10, "day": 3, "start_date": "2014-09-24", "end_date": "2014-12-17", "start_time": "16:00:00", "end_time": "17:00:00", "place": "centre sportif des Rojalets - terrain synth\u00e9tique", "min_participants": 14, "max_participants": 22, "schoolyear_min": 7, "schoolyear_max": 8}}, {"model": "activities.course", "pk": 120, "fields": {"created": "2015-02-20T09:46:44.280Z", "modified": "2015-02-20T10:26:13.585Z", "activity": 68, "number": "2112", "uptodate": false, "responsible": 1003, "price": "10.00", "number_of_sessions": 10, "day": 4, "start_date": "2014-09-25", "end_date": "2014-12-18", "start_time": "17:00:00", "end_time": "17:45:00", "place": "salle de rythmique du coll\u00e8ge Necker \u00e0 Coppet (Chaucey)", "min_participants": 12, "max_participants": 16, "schoolyear_min": 7, "schoolyear_max": 8}}, {"model": "activities.course", "pk": 123, "fields": {"created": "2015-02-20T09:46:44.280Z", "modified": "2015-02-20T10:26:13.615Z", "activity": 69, "number": "2221", "uptodate": false, "responsible": 1024, "price": "10.00", "number_of_sessions": 10, "day": 3, "start_date": "2015-01-07", "end_date": "2015-03-18", "start_time": "14:00:00", "end_time": "15:00:00", "place": "salle de dessin aux Rojalets - 2\u00e8me \u00e9tage", "min_participants": 12, "max_participants": 16, "schoolyear_min": 4, "schoolyear_max": 6}}, {"model": "activities.course", "pk": 125, "fields": {"created": "2015-02-20T09:46:44.280Z", "modified": "2015-07-23T09:49:04.766Z", "activity": 48, "number": "111", "uptodate": true, "responsible": 1, "price": null, "number_of_sessions": 11, "day": 4, "start_date": "2014-09-25", "end_date": "2014-12-18", "start_time": "16:00:00", "end_time": "17:00:00", "place": "salle de gymnastique de Chavannes", "min_participants": 13, "max_participants": 20, "schoolyear_min": 4, "schoolyear_max": 4}}, {"model": "activities.course", "pk": 126, "fields": {"created": "2015-02-20T09:46:44.280Z", "modified": "2015-02-20T18:43:57.759Z", "activity": 48, "number": "122", "uptodate": true, "responsible": 1025, "price": "10.00", "number_of_sessions": 10, "day": 4, "start_date": "2015-01-08", "end_date": "2015-04-16", "start_time": "16:00:00", "end_time": "17:00:00", "place": "salle de gymnastique de Chavannes", "min_participants": 14, "max_participants": 20, "schoolyear_min": 3, "schoolyear_max": 3}}, {"model": "activities.course", "pk": 127, "fields": {"created": "2015-02-20T09:46:44.280Z", "modified": "2015-02-20T10:26:13.561Z", "activity": 48, "number": "131", "uptodate": false, "responsible": 1025, "price": "10.00", "number_of_sessions": 10, "day": 4, "start_date": "2015-03-26", "end_date": "2015-06-25", "start_time": "16:00:00", "end_time": "17:00:00", "place": "salle de gymnastique de Chavannes", "min_participants": 14, "max_participants": 20, "schoolyear_min": 2, "schoolyear_max": 2}}, {"model": "activities.course", "pk": 128, "fields": {"created": "2015-02-20T09:46:44.280Z", "modified": "2015-02-20T10:26:13.739Z", "activity": 65, "number": "1811", "uptodate": false, "responsible": 1011, "price": "10.00", "number_of_sessions": 10, "day": 3, "start_date": "2014-09-24", "end_date": "2014-12-17", "start_time": "15:15:00", "end_time": "16:15:00", "place": "salle de rythmique du coll\u00e8ge Necker \u00e0 Coppet (Chaucey)", "min_participants": 14, "max_participants": 20, "schoolyear_min": 5, "schoolyear_max": 6}}, {"model": "activities.course", "pk": 129, "fields": {"created": "2015-02-20T09:46:44.280Z", "modified": "2015-02-20T10:26:13.747Z", "activity": 65, "number": "1831", "uptodate": false, "responsible": 1011, "price": "10.00", "number_of_sessions": 10, "day": 3, "start_date": "2015-03-25", "end_date": "2015-06-24", "start_time": "15:15:00", "end_time": "16:15:00", "place": "salle de rythmique du coll\u00e8ge Necker \u00e0 Coppet (Chaucey)", "min_participants": 14, "max_participants": 20, "schoolyear_min": 3, "schoolyear_max": 3}}, {"model": "activities.course", "pk": 130, "fields": {"created": "2015-02-20T09:46:44.280Z", "modified": "2015-02-20T10:26:13.590Z", "activity": 68, "number": "2121", "uptodate": false, "responsible": 1003, "price": "10.00", "number_of_sessions": 10, "day": 4, "start_date": "2015-01-08", "end_date": "2015-03-19", "start_time": "16:15:00", "end_time": "17:00:00", "place": "salle de rythmique du coll\u00e8ge Necker \u00e0 Coppet (Chaucey)", "min_participants": 12, "max_participants": 16, "schoolyear_min": 2, "schoolyear_max": 4}}, {"model": "activities.course", "pk": 131, "fields": {"created": "2015-02-20T09:46:44.280Z", "modified": "2015-02-20T10:26:13.581Z", "activity": 68, "number": "2111", "uptodate": false, "responsible": 1003, "price": "10.00", "number_of_sessions": 10, "day": 4, "start_date": "2014-09-25", "end_date": "2014-12-18", "start_time": "16:15:00", "end_time": "17:00:00", "place": "salle de rythmique du coll\u00e8ge Necker \u00e0 Coppet (Chaucey)", "min_participants": 12, "max_participants": 16, "schoolyear_min": 5, "schoolyear_max": 6}}, {"model": "activities.course", "pk": 132, "fields": {"created": "2015-02-20T09:46:44.280Z", "modified": "2015-02-20T10:26:13.595Z", "activity": 68, "number": "2122", "uptodate": false, "responsible": 1003, "price": "10.00", "number_of_sessions": 10, "day": 4, "start_date": "2015-01-08", "end_date": "2015-03-19", "start_time": "17:00:00", "end_time": "17:45:00", "place": "salle de rythmique du coll\u00e8ge Necker \u00e0 Coppet (Chaucey)", "min_participants": 12, "max_participants": 16, "schoolyear_min": 5, "schoolyear_max": 6}}, {"model": "activities.course", "pk": 133, "fields": {"created": "2015-02-20T09:46:44.280Z", "modified": "2015-02-20T10:26:13.600Z", "activity": 68, "number": "2131", "uptodate": false, "responsible": 1003, "price": "10.00", "number_of_sessions": 10, "day": 4, "start_date": "2015-03-26", "end_date": "2015-06-25", "start_time": "16:15:00", "end_time": "17:00:00", "place": "salle de rythmique du coll\u00e8ge Necker \u00e0 Coppet (Chaucey)", "min_participants": 12, "max_participants": 16, "schoolyear_min": 2, "schoolyear_max": 4}}, {"model": "activities.course", "pk": 134, "fields": {"created": "2015-02-20T09:46:44.280Z", "modified": "2015-02-20T10:26:13.605Z", "activity": 68, "number": "2132", "uptodate": false, "responsible": 1003, "price": "10.00", "number_of_sessions": 10, "day": 4, "start_date": "2015-03-26", "end_date": "2015-06-25", "start_time": "17:00:00", "end_time": "17:45:00", "place": "salle de rythmique du coll\u00e8ge Necker \u00e0 Coppet (Chaucey)", "min_participants": 12, "max_participants": 16, "schoolyear_min": 7, "schoolyear_max": 8}}, {"model": "activities.course", "pk": 135, "fields": {"created": "2015-02-20T09:46:44.280Z", "modified": "2015-02-20T10:26:13.610Z", "activity": 69, "number": "2211", "uptodate": false, "responsible": 1024, "price": "10.00", "number_of_sessions": 10, "day": 3, "start_date": "2014-09-24", "end_date": "2014-12-17", "start_time": "14:00:00", "end_time": "15:00:00", "place": "salle de dessin aux Rojalets - 2\u00e8me \u00e9tage", "min_participants": 12, "max_participants": 16, "schoolyear_min": 3, "schoolyear_max": 5}}, {"model": "activities.course", "pk": 136, "fields": {"created": "2015-02-20T09:46:44.280Z", "modified": "2015-02-20T10:26:13.619Z", "activity": 69, "number": "2231", "uptodate": false, "responsible": 1024, "price": "10.00", "number_of_sessions": 10, "day": 3, "start_date": "2015-03-25", "end_date": "2015-06-24", "start_time": "14:00:00", "end_time": "15:00:00", "place": "salle de dessin aux Rojalets - 2\u00e8me \u00e9tage", "min_participants": 12, "max_participants": 16, "schoolyear_min": 5, "schoolyear_max": 8}}, {"model": "activities.course", "pk": 137, "fields": {"created": "2015-02-20T09:46:44.280Z", "modified": "2015-02-20T10:26:13.708Z", "activity": 70, "number": "2311", "uptodate": false, "responsible": 1022, "price": "10.00", "number_of_sessions": 10, "day": 1, "start_date": "2014-09-29", "end_date": "2014-12-15", "start_time": "16:15:00", "end_time": "17:15:00", "place": "terrain de football au Chaucey \u00e0 Coppet (Necker)", "min_participants": 14, "max_participants": 20, "schoolyear_min": 5, "schoolyear_max": 8}}, {"model": "activities.course", "pk": 138, "fields": {"created": "2015-02-20T09:46:44.280Z", "modified": "2015-02-20T10:26:13.712Z", "activity": 70, "number": "2331", "uptodate": false, "responsible": 1022, "price": "10.00", "number_of_sessions": 10, "day": 1, "start_date": "2015-03-23", "end_date": "2015-06-22", "start_time": "16:15:00", "end_time": "17:15:00", "place": "terrain de football au Chaucey \u00e0 Coppet (Necker)", "min_participants": 14, "max_participants": 20, "schoolyear_min": 2, "schoolyear_max": 4}}, {"model": "activities.course", "pk": 139, "fields": {"created": "2015-02-20T09:46:44.280Z", "modified": "2015-02-20T10:26:13.780Z", "activity": 71, "number": "2411", "uptodate": false, "responsible": 1021, "price": "10.00", "number_of_sessions": 10, "day": 4, "start_date": "2014-09-25", "end_date": "2014-12-18", "start_time": "16:30:00", "end_time": "17:30:00", "place": "centre sportif des Rojalets - bulle de tennis", "min_participants": 12, "max_participants": 16, "schoolyear_min": 7, "schoolyear_max": 8}}, {"model": "activities.course", "pk": 140, "fields": {"created": "2015-02-20T09:46:44.280Z", "modified": "2015-02-20T10:26:13.789Z", "activity": 71, "number": "2431", "uptodate": false, "responsible": 1021, "price": "10.00", "number_of_sessions": 10, "day": 4, "start_date": "2015-03-26", "end_date": "2015-06-25", "start_time": "16:30:00", "end_time": "17:30:00", "place": "centre sportif des Rojalets - bulle de tennis", "min_participants": 12, "max_participants": 16, "schoolyear_min": 2, "schoolyear_max": 4}}, {"model": "activities.course", "pk": 141, "fields": {"created": "2015-02-20T09:46:44.280Z", "modified": "2015-02-20T10:26:13.566Z", "activity": 50, "number": "311", "uptodate": false, "responsible": 1023, "price": "10.00", "number_of_sessions": 10, "day": 4, "start_date": "2014-09-25", "end_date": "2014-12-18", "start_time": "16:30:00", "end_time": "17:30:00", "place": "salle de gymnastique du Chaucey \u00e0 Coppet (Necker)", "min_participants": 14, "max_participants": 20, "schoolyear_min": 2, "schoolyear_max": 4}}, {"model": "activities.course", "pk": 142, "fields": {"created": "2015-02-20T09:46:44.280Z", "modified": "2015-02-20T10:26:13.571Z", "activity": 50, "number": "321", "uptodate": false, "responsible": 1023, "price": "10.00", "number_of_sessions": 10, "day": 4, "start_date": "2015-01-08", "end_date": "2015-03-19", "start_time": "16:30:00", "end_time": "17:30:00", "place": "salle de gymnastique du Chaucey \u00e0 Coppet (Necker)", "min_participants": 14, "max_participants": 20, "schoolyear_min": 3, "schoolyear_max": 5}}, {"model": "activities.course", "pk": 143, "fields": {"created": "2015-02-20T09:46:44.280Z", "modified": "2015-02-22T19:03:08.821Z", "activity": 50, "number": "331", "uptodate": false, "responsible": 978, "price": "10.00", "number_of_sessions": 10, "day": 4, "start_date": "2015-03-26", "end_date": "2015-06-25", "start_time": "16:30:00", "end_time": "17:30:00", "place": "salle de gymnastique du Chaucey \u00e0 Coppet (Necker)", "min_participants": 14, "max_participants": 20, "schoolyear_min": 4, "schoolyear_max": 6}}, {"model": "activities.course", "pk": 144, "fields": {"created": "2015-02-20T09:46:44.280Z", "modified": "2015-02-20T10:26:13.534Z", "activity": 62, "number": "1511", "uptodate": false, "responsible": 1008, "price": "10.00", "number_of_sessions": 10, "day": 1, "start_date": "2014-09-29", "end_date": "2014-12-15", "start_time": "16:30:00", "end_time": "17:30:00", "place": "salle de gymnastique de Commugny", "min_participants": 14, "max_participants": 20, "schoolyear_min": 6, "schoolyear_max": 8}}, {"model": "activities.course", "pk": 145, "fields": {"created": "2015-02-20T09:46:44.280Z", "modified": "2015-02-20T10:26:13.539Z", "activity": 62, "number": "1531", "uptodate": false, "responsible": 1008, "price": "10.00", "number_of_sessions": 10, "day": 1, "start_date": "2015-03-23", "end_date": "2015-06-22", "start_time": "16:45:00", "end_time": "17:45:00", "place": "salle de gymnastique de Commugny", "min_participants": 14, "max_participants": 20, "schoolyear_min": 3, "schoolyear_max": 5}}, {"model": "activities.course", "pk": 146, "fields": {"created": "2015-02-20T09:46:44.280Z", "modified": "2015-02-20T10:26:13.657Z", "activity": 59, "number": "1211", "uptodate": false, "responsible": 1016, "price": "10.00", "number_of_sessions": 5, "day": 4, "start_date": "2014-09-25", "end_date": "2014-11-06", "start_time": "16:50:00", "end_time": "17:40:00", "place": "bloc d'escalade du foyer de Founex, rue des Canons 8, 1297 Founex", "min_participants": 6, "max_participants": 9, "schoolyear_min": 3, "schoolyear_max": 4}}, {"model": "activities.course", "pk": 147, "fields": {"created": "2015-02-20T09:46:44.280Z", "modified": "2015-02-20T10:26:13.661Z", "activity": 59, "number": "1212", "uptodate": false, "responsible": 1016, "price": "10.00", "number_of_sessions": 5, "day": 4, "start_date": "2014-09-25", "end_date": "2014-11-06", "start_time": "17:40:00", "end_time": "18:30:00", "place": "bloc d'escalade du foyer de Founex, rue des Canons 8, 1297 Founex", "min_participants": 6, "max_participants": 9, "schoolyear_min": 5, "schoolyear_max": 6}}, {"model": "activities.course", "pk": 148, "fields": {"created": "2015-02-20T09:46:44.280Z", "modified": "2015-02-20T10:26:13.665Z", "activity": 59, "number": "1213", "uptodate": false, "responsible": 1016, "price": "10.00", "number_of_sessions": 5, "day": 4, "start_date": "2014-11-13", "end_date": "2014-12-11", "start_time": "16:50:00", "end_time": "17:40:00", "place": "bloc d'escalade du foyer de Founex, rue des Canons 8, 1297 Founex", "min_participants": 6, "max_participants": 9, "schoolyear_min": 5, "schoolyear_max": 6}}, {"model": "activities.course", "pk": 149, "fields": {"created": "2015-02-20T09:46:44.280Z", "modified": "2015-02-20T10:26:13.670Z", "activity": 59, "number": "1214", "uptodate": false, "responsible": 1016, "price": "10.00", "number_of_sessions": 5, "day": 4, "start_date": "2014-11-13", "end_date": "2014-12-11", "start_time": "17:40:00", "end_time": "18:30:00", "place": "bloc d'escalade du foyer de Founex, rue des Canons 8, 1297 Founex", "min_participants": 6, "max_participants": 9, "schoolyear_min": 3, "schoolyear_max": 4}}, {"model": "activities.course", "pk": 150, "fields": {"created": "2015-02-20T09:46:44.280Z", "modified": "2015-02-20T10:26:13.674Z", "activity": 59, "number": "1231", "uptodate": false, "responsible": 1016, "price": "10.00", "number_of_sessions": 5, "day": 4, "start_date": "2015-03-26", "end_date": "2015-05-07", "start_time": "16:50:00", "end_time": "17:40:00", "place": "bloc d'escalade du foyer de Founex, rue des Canons 8, 1297 Founex", "min_participants": 6, "max_participants": 9, "schoolyear_min": 3, "schoolyear_max": 4}}, {"model": "activities.course", "pk": 151, "fields": {"created": "2015-02-20T09:46:44.280Z", "modified": "2015-02-20T10:26:13.678Z", "activity": 59, "number": "1232", "uptodate": false, "responsible": 1016, "price": "10.00", "number_of_sessions": 5, "day": 4, "start_date": "2015-03-26", "end_date": "2015-05-07", "start_time": "17:40:00", "end_time": "18:30:00", "place": "bloc d'escalade du foyer de Founex, rue des Canons 8, 1297 Founex", "min_participants": 6, "max_participants": 9, "schoolyear_min": 5, "schoolyear_max": 6}}, {"model": "activities.course", "pk": 152, "fields": {"created": "2015-02-20T09:46:44.280Z", "modified": "2015-02-20T10:26:13.682Z", "activity": 59, "number": "1233", "uptodate": false, "responsible": 1016, "price": "10.00", "number_of_sessions": 5, "day": 4, "start_date": "2015-05-21", "end_date": "2015-06-18", "start_time": "16:50:00", "end_time": "17:40:00", "place": "bloc d'escalade du foyer de Founex, rue des Canons 8, 1297 Founex", "min_participants": 6, "max_participants": 9, "schoolyear_min": 5, "schoolyear_max": 6}}, {"model": "activities.course", "pk": 153, "fields": {"created": "2015-02-20T09:46:44.280Z", "modified": "2015-02-20T10:26:13.687Z", "activity": 59, "number": "1234", "uptodate": false, "responsible": 1016, "price": "10.00", "number_of_sessions": 5, "day": 4, "start_date": "2015-05-21", "end_date": "2015-06-18", "start_time": "17:40:00", "end_time": "18:30:00", "place": "bloc d'escalade du foyer de Founex, rue des Canons 8, 1297 Founex", "min_participants": 6, "max_participants": 9, "schoolyear_min": 3, "schoolyear_max": 4}}, {"model": "activities.course", "pk": 154, "fields": {"created": "2015-02-20T09:46:44.280Z", "modified": "2015-02-20T10:26:13.785Z", "activity": 71, "number": "2421", "uptodate": false, "responsible": 1021, "price": "10.00", "number_of_sessions": 10, "day": 4, "start_date": "2015-01-08", "end_date": "2015-03-19", "start_time": "16:30:00", "end_time": "17:30:00", "place": "centre sportif des Rojalets - bulle de tennis", "min_participants": 12, "max_participants": 16, "schoolyear_min": 5, "schoolyear_max": 6}}]