[{"pk": 48, "model": "activities.activity", "fields": {"slug": "basket", "name": "Basket", "number": 100}}, {"pk": 49, "model": "activities.activity", "fields": {"slug": "escrime", "name": "Escrime", "number": 200}}, {"pk": 50, "model": "activities.activity", "fields": {"slug": "capoeira", "name": "Capoeira", "number": 300}}, {"pk": 51, "model": "activities.activity", "fields": {"slug": "prepcourse-escalade", "name": "Pr\u00e9paration \u00e0 la course de l'Escalade", "number": 400}}, {"pk": 52, "model": "activities.activity", "fields": {"slug": "tennis", "name": "Tennis", "number": 500}}, {"pk": 53, "model": "activities.activity", "fields": {"slug": "vtt", "name": "VTT", "number": 600}}, {"pk": 54, "model": "activities.activity", "fields": {"slug": "agres", "name": "Agr\u00e8s", "number": 700}}, {"pk": 55, "model": "activities.activity", "fields": {"slug": "initiation-velo", "name": "Initiation v\u00e9lo", "number": 800}}, {"pk": 56, "model": "activities.activity", "fields": {"slug": "initiation-natation", "name": "Initiation natation", "number": 900}}, {"pk": 57, "model": "activities.activity", "fields": {"slug": "volley", "name": "Volley", "number": 1000}}, {"pk": 58, "model": "activities.activity", "fields": {"slug": "patinage", "name": "Patinage", "number": 1100}}, {"pk": 59, "model": "activities.activity", "fields": {"slug": "grimpe", "name": "Grimpe", "number": 1200}}, {"pk": 60, "model": "activities.activity", "fields": {"slug": "foot-en-salle", "name": "Foot en salle", "number": 1300}}, {"pk": 61, "model": "activities.activity", "fields": {"slug": "hockey-en-salle", "name": "Hockey en salle", "number": 1400}}, {"pk": 62, "model": "activities.activity", "fields": {"slug": "athletisme", "name": "Athl\u00e9tisme", "number": 1500}}, {"pk": 63, "model": "activities.activity", "fields": {"slug": "voile", "name": "Voile", "number": 1600}}, {"pk": 64, "model": "activities.activity", "fields": {"slug": "ski-de-fond", "name": "Ski de fond", "number": 1700}}, {"pk": 65, "model": "activities.activity", "fields": {"slug": "judo", "name": "Judo", "number": 1800}}, {"pk": 66, "model": "activities.activity", "fields": {"slug": "hockey-sur-gazon", "name": "Hockey sur gazon", "number": 1900}}, {"pk": 67, "model": "activities.activity", "fields": {"slug": "kin-ball", "name": "Kin-ball", "number": 2000}}, {"pk": 57, "model": "activities.course", "fields": {"start_time": "16:15:00", "end_date": "2014-03-17", "number_of_sessions": 10, "price": "10.00", "responsible": 36, "number": 121, "start_date": "2014-01-06", "min_participants": 14, "place": "salle de gym du Chaucey \u00e0 Coppet", "end_time": "17:15:00", "schoolyear_max": 6, "activity": 48, "schoolyear_min": 5, "day": 1, "max_participants": 22}}, {"pk": 58, "model": "activities.course", "fields": {"start_time": "13:30:00", "end_date": "2013-12-11", "number_of_sessions": 10, "price": "20.00", "responsible": 37, "number": 211, "start_date": "2013-09-25", "min_participants": 12, "place": "salle de rythmique polysportive | \u00e9cole de Founex", "end_time": "14:30:00", "schoolyear_max": 4, "activity": 49, "schoolyear_min": 3, "day": 3, "max_participants": 16}}, {"pk": 59, "model": "activities.course", "fields": {"start_time": "14:30:00", "end_date": "2013-12-11", "number_of_sessions": 10, "price": "10.00", "responsible": 37, "number": 212, "start_date": "2013-09-25", "min_participants": 12, "place": "salle de rythmique polysportive | \u00e9cole de Founex", "end_time": "15:00:00", "schoolyear_max": 2, "activity": 49, "schoolyear_min": 2, "day": 3, "max_participants": 16}}, {"pk": 60, "model": "activities.course", "fields": {"start_time": "14:30:00", "end_date": "2014-03-19", "number_of_sessions": 10, "price": "10.00", "responsible": 37, "number": 222, "start_date": "2014-01-08", "min_participants": 12, "place": "salle de rythmique polysportive | \u00e9cole de Founex", "end_time": "15:00:00", "schoolyear_max": 2, "activity": 49, "schoolyear_min": 2, "day": 3, "max_participants": 16}}, {"pk": 61, "model": "activities.course", "fields": {"start_time": "13:30:00", "end_date": "2014-03-19", "number_of_sessions": 10, "price": "20.00", "responsible": 37, "number": 221, "start_date": "2014-01-08", "min_participants": 12, "place": "salle de rythmique polysportive | \u00e9cole de Founex", "end_time": "14:30:00", "schoolyear_max": 6, "activity": 49, "schoolyear_min": 5, "day": 3, "max_participants": 16}}, {"pk": 62, "model": "activities.course", "fields": {"start_time": "16:15:00", "end_date": "2013-12-12", "number_of_sessions": 10, "price": "10.00", "responsible": 38, "number": 311, "start_date": "2013-09-26", "min_participants": 12, "place": "aula du Chaucey \u00e0 Coppet", "end_time": "17:15:00", "schoolyear_max": 4, "activity": 50, "schoolyear_min": 3, "day": 4, "max_participants": 18}}, {"pk": 63, "model": "activities.course", "fields": {"start_time": "16:15:00", "end_date": "2013-06-27", "number_of_sessions": 10, "price": "10.00", "responsible": 38, "number": 331, "start_date": "2013-04-18", "min_participants": 12, "place": "aula du Chaucey \u00e0 Coppet", "end_time": "17:15:00", "schoolyear_max": 5, "activity": 50, "schoolyear_min": 4, "day": 4, "max_participants": 18}}, {"pk": 64, "model": "activities.course", "fields": {"start_time": "16:30:00", "end_date": "2013-12-02", "number_of_sessions": 9, "price": "20.00", "responsible": 36, "number": 411, "start_date": "2013-09-23", "min_participants": 18, "place": "centre sportif de Mies", "end_time": "17:30:00", "schoolyear_max": 4, "activity": 51, "schoolyear_min": 3, "day": 1, "max_participants": 54}}, {"pk": 65, "model": "activities.course", "fields": {"start_time": "14:45:00", "end_date": "2014-04-09", "number_of_sessions": 5, "price": "10.00", "responsible": 39, "number": 521, "start_date": "2014-03-05", "min_participants": 12, "place": "salle de gymnastique aux Rojalets", "end_time": "15:45:00", "schoolyear_max": 4, "activity": 52, "schoolyear_min": 3, "day": 3, "max_participants": 14}}, {"pk": 66, "model": "activities.course", "fields": {"start_time": "14:45:00", "end_date": "2014-04-09", "number_of_sessions": 5, "price": "10.00", "responsible": 39, "number": 522, "start_date": "2014-03-05", "min_participants": 12, "place": "salle de gymnastique aux Rojalets", "end_time": "15:45:00", "schoolyear_max": 6, "activity": 52, "schoolyear_min": 5, "day": 3, "max_participants": 14}}, {"pk": 67, "model": "activities.course", "fields": {"start_time": "16:00:00", "end_date": "2014-04-09", "number_of_sessions": 5, "price": "10.00", "responsible": 39, "number": 523, "start_date": "2014-03-05", "min_participants": 12, "place": "salle de gymnastique aux Rojalets", "end_time": "17:00:00", "schoolyear_max": 6, "activity": 52, "schoolyear_min": 5, "day": 3, "max_participants": 14}}, {"pk": 68, "model": "activities.course", "fields": {"start_time": "16:00:00", "end_date": "2014-04-09", "number_of_sessions": 5, "price": "10.00", "responsible": 39, "number": 524, "start_date": "2014-03-05", "min_participants": 12, "place": "salle de gymnastique aux Rojalets", "end_time": "17:00:00", "schoolyear_max": 4, "activity": 52, "schoolyear_min": 3, "day": 3, "max_participants": 14}}, {"pk": 69, "model": "activities.course", "fields": {"start_time": "13:30:00", "end_date": "2014-05-21", "number_of_sessions": 4, "price": "10.00", "responsible": 40, "number": 631, "start_date": "2014-04-30", "min_participants": 12, "place": "Rojalets - parking sud", "end_time": "16:30:00", "schoolyear_max": 6, "activity": 53, "schoolyear_min": 5, "day": 3, "max_participants": 20}}, {"pk": 70, "model": "activities.course", "fields": {"start_time": "16:15:00", "end_date": "2013-12-09", "number_of_sessions": 10, "price": "10.00", "responsible": 41, "number": 711, "start_date": "2013-09-23", "min_participants": 12, "place": "salle de gymnastique du Chaucey \u00e0 Coppet", "end_time": "17:15:00", "schoolyear_max": 4, "activity": 54, "schoolyear_min": 3, "day": 1, "max_participants": 16}}, {"pk": 71, "model": "activities.course", "fields": {"start_time": "17:15:00", "end_date": "2013-12-09", "number_of_sessions": 10, "price": "10.00", "responsible": 41, "number": 712, "start_date": "2013-09-23", "min_participants": 12, "place": "salle de gymnastique du Chaucey \u00e0 Coppet", "end_time": "18:15:00", "schoolyear_max": 6, "activity": 54, "schoolyear_min": 5, "day": 1, "max_participants": 16}}, {"pk": 72, "model": "activities.course", "fields": {"start_time": "16:15:00", "end_date": "2014-06-23", "number_of_sessions": 10, "price": "10.00", "responsible": 41, "number": 731, "start_date": "2014-03-24", "min_participants": 12, "place": "salle de gymnastique du Chaucey \u00e0 Coppet", "end_time": "17:15:00", "schoolyear_max": 6, "activity": 54, "schoolyear_min": 5, "day": 1, "max_participants": 16}}, {"pk": 73, "model": "activities.course", "fields": {"start_time": "17:15:00", "end_date": "2014-06-23", "number_of_sessions": 10, "price": "10.00", "responsible": 41, "number": 732, "start_date": "2014-03-24", "min_participants": 12, "place": "salle de gymnastique du Chaucey \u00e0 Coppet", "end_time": "18:15:00", "schoolyear_max": 4, "activity": 54, "schoolyear_min": 3, "day": 1, "max_participants": 16}}, {"pk": 74, "model": "activities.course", "fields": {"start_time": "14:00:00", "end_date": "2013-12-04", "number_of_sessions": 5, "price": "10.00", "responsible": 40, "number": 811, "start_date": "2013-10-30", "min_participants": 8, "place": "centre sportif des Rojalets - bulle de tennis", "end_time": "15:00:00", "schoolyear_max": 3, "activity": 55, "schoolyear_min": 2, "day": 3, "max_participants": 14}}, {"pk": 75, "model": "activities.course", "fields": {"start_time": "15:15:00", "end_date": "2013-12-04", "number_of_sessions": 5, "price": "10.00", "responsible": 40, "number": 812, "start_date": "2013-10-30", "min_participants": 8, "place": "centre sportif des Rojalets - bulle de tennis", "end_time": "16:15:00", "schoolyear_max": 3, "activity": 55, "schoolyear_min": 2, "day": 3, "max_participants": 14}}, {"pk": 76, "model": "activities.course", "fields": {"start_time": "16:30:00", "end_date": "2013-11-22", "number_of_sessions": 7, "price": "20.00", "responsible": 42, "number": 911, "start_date": "2013-09-27", "min_participants": 10, "place": "piscine couverte de Ch\u00e9serex", "end_time": "17:30:00", "schoolyear_max": 3, "activity": 56, "schoolyear_min": 2, "day": 5, "max_participants": 14}}, {"pk": 77, "model": "activities.course", "fields": {"start_time": "16:30:00", "end_date": "2014-03-14", "number_of_sessions": 7, "price": "20.00", "responsible": 42, "number": 921, "start_date": "2014-01-24", "min_participants": 10, "place": "piscine couverte de Ch\u00e9serex", "end_time": "17:30:00", "schoolyear_max": 3, "activity": 56, "schoolyear_min": 2, "day": 5, "max_participants": 14}}, {"pk": 78, "model": "activities.course", "fields": {"start_time": "16:30:00", "end_date": "2014-05-23", "number_of_sessions": 7, "price": "20.00", "responsible": 42, "number": 931, "start_date": "2014-03-28", "min_participants": 10, "place": "piscine couverte de Ch\u00e9serex", "end_time": "17:30:00", "schoolyear_max": 3, "activity": 56, "schoolyear_min": 2, "day": 5, "max_participants": 14}}, {"pk": 79, "model": "activities.course", "fields": {"start_time": "16:15:00", "end_date": "2013-12-09", "number_of_sessions": 10, "price": "10.00", "responsible": 43, "number": 1011, "start_date": "2013-09-23", "min_participants": 14, "place": "salle de gymnastique de Founex", "end_time": "17:15:00", "schoolyear_max": 6, "activity": 57, "schoolyear_min": 5, "day": 1, "max_participants": 22}}, {"pk": 80, "model": "activities.course", "fields": {"start_time": "16:15:00", "end_date": "2013-12-19", "number_of_sessions": 5, "price": "10.00", "responsible": 44, "number": 1111, "start_date": "2013-11-21", "min_participants": 12, "place": "patinoire de Coppet, au Ch\u00e2teau", "end_time": "17:15:00", "schoolyear_max": 3, "activity": 58, "schoolyear_min": 2, "day": 4, "max_participants": 22}}, {"pk": 81, "model": "activities.course", "fields": {"start_time": "17:30:00", "end_date": "2013-12-19", "number_of_sessions": 5, "price": "10.00", "responsible": 44, "number": 1112, "start_date": "2013-11-21", "min_participants": 12, "place": "patinoire de Coppet, au Ch\u00e2teau", "end_time": "18:30:00", "schoolyear_max": 3, "activity": 58, "schoolyear_min": 2, "day": 4, "max_participants": 22}}, {"pk": 82, "model": "activities.course", "fields": {"start_time": "16:15:00", "end_date": "2014-02-13", "number_of_sessions": 5, "price": "10.00", "responsible": 44, "number": 1121, "start_date": "2014-01-16", "min_participants": 12, "place": "patinoire de Coppet, au Ch\u00e2teau", "end_time": "17:15:00", "schoolyear_max": 3, "activity": 58, "schoolyear_min": 2, "day": 4, "max_participants": 22}}, {"pk": 83, "model": "activities.course", "fields": {"start_time": "17:30:00", "end_date": "2014-02-13", "number_of_sessions": 5, "price": "10.00", "responsible": 44, "number": 1122, "start_date": "2014-01-16", "min_participants": 12, "place": "patinoire de Coppet, au Ch\u00e2teau", "end_time": "18:30:00", "schoolyear_max": 3, "activity": 58, "schoolyear_min": 2, "day": 4, "max_participants": 22}}, {"pk": 84, "model": "activities.course", "fields": {"start_time": "16:15:00", "end_date": "2013-11-07", "number_of_sessions": 5, "price": "10.00", "responsible": 45, "number": 1211, "start_date": "2013-09-26", "min_participants": 6, "place": "bloc d\u0092escalade du Foyer de Founex, rue des canons 8, 1297 Founex", "end_time": "17:15:00", "schoolyear_max": 4, "activity": 59, "schoolyear_min": 3, "day": 4, "max_participants": 8}}, {"pk": 85, "model": "activities.course", "fields": {"start_time": "17:15:00", "end_date": "2013-11-07", "number_of_sessions": 5, "price": "10.00", "responsible": 45, "number": 1212, "start_date": "2013-09-26", "min_participants": 6, "place": "bloc d\u0092escalade du Foyer de Founex, rue des canons 8, 1297 Founex", "end_time": "18:15:00", "schoolyear_max": 6, "activity": 59, "schoolyear_min": 5, "day": 4, "max_participants": 8}}, {"pk": 86, "model": "activities.course", "fields": {"start_time": "16:15:00", "end_date": "2013-12-13", "number_of_sessions": 5, "price": "10.00", "responsible": 45, "number": 1213, "start_date": "2013-11-14", "min_participants": 6, "place": "bloc d\u0092escalade du Foyer de Founex, rue des canons 8, 1297 Founex", "end_time": "17:15:00", "schoolyear_max": 6, "activity": 59, "schoolyear_min": 5, "day": 4, "max_participants": 8}}, {"pk": 87, "model": "activities.course", "fields": {"start_time": "17:15:00", "end_date": "2013-12-13", "number_of_sessions": 5, "price": "10.00", "responsible": 45, "number": 1214, "start_date": "2013-11-14", "min_participants": 6, "place": "bloc d\u0092escalade du Foyer de Founex, rue des canons 8, 1297 Founex", "end_time": "18:15:00", "schoolyear_max": 4, "activity": 59, "schoolyear_min": 3, "day": 4, "max_participants": 8}}, {"pk": 88, "model": "activities.course", "fields": {"start_time": "16:15:00", "end_date": "2014-05-08", "number_of_sessions": 5, "price": "10.00", "responsible": 45, "number": 1231, "start_date": "2014-03-27", "min_participants": 6, "place": "bloc d\u0092escalade du Foyer de Founex, rue des canons 8, 1297 Founex", "end_time": "17:15:00", "schoolyear_max": 4, "activity": 59, "schoolyear_min": 3, "day": 4, "max_participants": 8}}, {"pk": 89, "model": "activities.course", "fields": {"start_time": "17:15:00", "end_date": "2014-05-08", "number_of_sessions": 5, "price": "10.00", "responsible": 45, "number": 1232, "start_date": "2014-03-27", "min_participants": 6, "place": "bloc d\u0092escalade du Foyer de Founex, rue des canons 8, 1297 Founex", "end_time": "18:15:00", "schoolyear_max": 6, "activity": 59, "schoolyear_min": 5, "day": 4, "max_participants": 8}}, {"pk": 90, "model": "activities.course", "fields": {"start_time": "16:15:00", "end_date": "2014-06-19", "number_of_sessions": 5, "price": "10.00", "responsible": 45, "number": 1233, "start_date": "2014-05-15", "min_participants": 6, "place": "bloc d\u0092escalade du Foyer de Founex, rue des canons 8, 1297 Founex", "end_time": "17:15:00", "schoolyear_max": 6, "activity": 59, "schoolyear_min": 5, "day": 4, "max_participants": 8}}, {"pk": 91, "model": "activities.course", "fields": {"start_time": "17:15:00", "end_date": "2014-06-19", "number_of_sessions": 5, "price": "10.00", "responsible": 45, "number": 1234, "start_date": "2014-05-15", "min_participants": 6, "place": "bloc d\u0092escalade du Foyer de Founex, rue des canons 8, 1297 Founex", "end_time": "18:15:00", "schoolyear_max": 4, "activity": 59, "schoolyear_min": 3, "day": 4, "max_participants": 8}}, {"pk": 92, "model": "activities.course", "fields": {"start_time": "16:15:00", "end_date": "2014-03-17", "number_of_sessions": 10, "price": "10.00", "responsible": 46, "number": 1321, "start_date": "2014-01-06", "min_participants": 14, "place": "salle de gymnastique de Founex", "end_time": "17:15:00", "schoolyear_max": 4, "activity": 60, "schoolyear_min": 3, "day": 1, "max_participants": 22}}, {"pk": 93, "model": "activities.course", "fields": {"start_time": "16:15:00", "end_date": "2014-06-23", "number_of_sessions": 10, "price": "10.00", "responsible": 46, "number": 1331, "start_date": "2014-03-24", "min_participants": 14, "place": "salle de gymnastique de Founex", "end_time": "17:15:00", "schoolyear_max": 6, "activity": 60, "schoolyear_min": 5, "day": 1, "max_participants": 22}}, {"pk": 94, "model": "activities.course", "fields": {"start_time": "16:15:00", "end_date": "2014-03-18", "number_of_sessions": 10, "price": "10.00", "responsible": 47, "number": 1421, "start_date": "2014-01-07", "min_participants": 14, "place": "salle de gymnastique de Chavannes", "end_time": "17:15:00", "schoolyear_max": 6, "activity": 61, "schoolyear_min": 5, "day": 2, "max_participants": 22}}, {"pk": 95, "model": "activities.course", "fields": {"start_time": "16:15:00", "end_date": "2014-06-26", "number_of_sessions": 10, "price": "10.00", "responsible": 48, "number": 1531, "start_date": "2014-03-27", "min_participants": 12, "place": "salle de gymnastique de Commugny", "end_time": "17:15:00", "schoolyear_max": 6, "activity": 62, "schoolyear_min": 5, "day": 2, "max_participants": 18}}, {"pk": 96, "model": "activities.course", "fields": {"start_time": "16:15:00", "end_date": "2013-12-12", "number_of_sessions": 10, "price": "10.00", "responsible": 48, "number": 1511, "start_date": "2013-09-26", "min_participants": 12, "place": "salle de gymnastique de Commugny", "end_time": "17:15:00", "schoolyear_max": 4, "activity": 62, "schoolyear_min": 3, "day": 2, "max_participants": 18}}, {"pk": 97, "model": "activities.course", "fields": {"start_time": "16:15:00", "end_date": "2014-06-17", "number_of_sessions": 5, "price": "20.00", "responsible": 49, "number": 1631, "start_date": "2014-05-13", "min_participants": 8, "place": "\u00e9cole de voile de Terre-Sainte, port de Crans", "end_time": "18:30:00", "schoolyear_max": 6, "activity": 63, "schoolyear_min": 5, "day": 2, "max_participants": 12}}, {"pk": 98, "model": "activities.course", "fields": {"start_time": "16:15:00", "end_date": "2014-06-19", "number_of_sessions": 5, "price": "20.00", "responsible": 49, "number": 1632, "start_date": "2014-05-15", "min_participants": 8, "place": "\u00e9cole de voile de Terre-Sainte, port de Crans", "end_time": "18:30:00", "schoolyear_max": 6, "activity": 63, "schoolyear_min": 5, "day": 4, "max_participants": 12}}, {"pk": 99, "model": "activities.course", "fields": {"start_time": "13:00:00", "end_date": "2014-02-19", "number_of_sessions": 5, "price": "60.00", "responsible": 40, "number": 1721, "start_date": "2014-01-08", "min_participants": 30, "place": "Rojalets - parking nord", "end_time": "17:30:00", "schoolyear_max": 4, "activity": 64, "schoolyear_min": 3, "day": 3, "max_participants": 46}}, {"pk": 100, "model": "activities.course", "fields": {"start_time": "16:15:00", "end_date": "2013-12-09", "number_of_sessions": 10, "price": "10.00", "responsible": 50, "number": 1811, "start_date": "2013-09-23", "min_participants": 14, "place": "aula du Chaucey \u00e0 Coppet", "end_time": "17:15:00", "schoolyear_max": 3, "activity": 65, "schoolyear_min": 2, "day": 1, "max_participants": 20}}, {"pk": 101, "model": "activities.course", "fields": {"start_time": "16:15:00", "end_date": "2014-03-17", "number_of_sessions": 10, "price": "10.00", "responsible": 50, "number": 1821, "start_date": "2014-01-06", "min_participants": 14, "place": "aula du Chaucey \u00e0 Coppet", "end_time": "17:15:00", "schoolyear_max": 4, "activity": 65, "schoolyear_min": 3, "day": 1, "max_participants": 20}}, {"pk": 102, "model": "activities.course", "fields": {"start_time": "16:15:00", "end_date": "2014-06-23", "number_of_sessions": 10, "price": "10.00", "responsible": 50, "number": 1831, "start_date": "2014-03-24", "min_participants": 14, "place": "aula du Chaucey \u00e0 Coppet", "end_time": "17:15:00", "schoolyear_max": 5, "activity": 65, "schoolyear_min": 4, "day": 1, "max_participants": 20}}, {"pk": 103, "model": "activities.course", "fields": {"start_time": "16:00:00", "end_date": "2013-12-11", "number_of_sessions": 10, "price": "10.00", "responsible": 51, "number": 1911, "start_date": "2013-09-25", "min_participants": 14, "place": "centre sportif des Rojalets - terrain synth\u00e9tique", "end_time": "17:00:00", "schoolyear_max": 3, "activity": 66, "schoolyear_min": 2, "day": 3, "max_participants": 22}}, {"pk": 104, "model": "activities.course", "fields": {"start_time": "16:00:00", "end_date": "2014-06-25", "number_of_sessions": 10, "price": "10.00", "responsible": 51, "number": 1931, "start_date": "2014-03-26", "min_participants": 14, "place": "centre sportif des Rojalets - terrain synth\u00e9tique", "end_time": "17:00:00", "schoolyear_max": 5, "activity": 66, "schoolyear_min": 4, "day": 3, "max_participants": 22}}, {"pk": 105, "model": "activities.course", "fields": {"start_time": "16:15:00", "end_date": "2014-06-24", "number_of_sessions": 10, "price": "10.00", "responsible": 52, "number": 2031, "start_date": "2014-03-25", "min_participants": 14, "place": "salle de gymnastique de Chavannes", "end_time": "17:15:00", "schoolyear_max": 6, "activity": 67, "schoolyear_min": 5, "day": 2, "max_participants": 20}}, {"pk": 36, "model": "activities.responsible", "fields": {"phone": "", "last": "Garcia", "email": "", "first": "Patrick"}}, {"pk": 37, "model": "activities.responsible", "fields": {"phone": "", "last": "Hadzopoulos", "email": "", "first": "Georges"}}, {"pk": 38, "model": "activities.responsible", "fields": {"phone": "", "last": "Barr\u00eato", "email": "", "first": "Sarah"}}, {"pk": 39, "model": "activities.responsible", "fields": {"phone": "", "last": "Gunn-Sechehaye", "email": "", "first": "Karin"}}, {"pk": 40, "model": "activities.responsible", "fields": {"phone": "", "last": "Aeschbach", "email": "", "first": "Remo"}}, {"pk": 41, "model": "activities.responsible", "fields": {"phone": "", "last": "Baud", "email": "", "first": "Cassandra"}}, {"pk": 42, "model": "activities.responsible", "fields": {"phone": "", "last": "Fritz", "email": "", "first": "Nicolas"}}, {"pk": 43, "model": "activities.responsible", "fields": {"phone": "", "last": "Brzezinski", "email": "", "first": "Gabrielle"}}, {"pk": 44, "model": "activities.responsible", "fields": {"phone": "", "last": "Hutter", "email": "", "first": "Julie"}}, {"pk": 45, "model": "activities.responsible", "fields": {"phone": "", "last": "Seiler", "email": "", "first": "Igor"}}, {"pk": 46, "model": "activities.responsible", "fields": {"phone": "", "last": "Desponds", "email": "", "first": "Vincent"}}, {"pk": 47, "model": "activities.responsible", "fields": {"phone": "", "last": "Gantenbein", "email": "", "first": "Julien"}}, {"pk": 48, "model": "activities.responsible", "fields": {"phone": "", "last": "Fontanet", "email": "", "first": "Chlo\u00e9"}}, {"pk": 49, "model": "activities.responsible", "fields": {"phone": "", "last": "EVTS", "email": "", "first": ""}}, {"pk": 50, "model": "activities.responsible", "fields": {"phone": "", "last": "Dracos", "email": "", "first": "Jean-Michel"}}, {"pk": 51, "model": "activities.responsible", "fields": {"phone": "", "last": "Boulahia", "email": "", "first": "Kamel"}}, {"pk": 52, "model": "activities.responsible", "fields": {"phone": "", "last": "Courbet-Forrer", "email": "", "first": "Elsa"}}, {"pk": 53, "model": "activities.responsible", "fields": {"phone": "", "last": "Feniello", "email": "", "first": "No\u00e9mie"}}]