[{"pk": 48, "model": "activities.activity", "fields": {"slug": "basket", "name": "Basket", "description": "", "informations": "", "number": 100}}, {"pk": 49, "model": "activities.activity", "fields": {"slug": "escrime", "name": "Escrime", "description": "", "informations": "", "number": 200}}, {"pk": 50, "model": "activities.activity", "fields": {"slug": "capoeira", "name": "Capoeira", "description": "", "informations": "", "number": 300}}, {"pk": 51, "model": "activities.activity", "fields": {"slug": "prepcourse-escalade", "name": "Pr\u00e9paration \u00e0 la course de l'Escalade", "description": "", "informations": "", "number": 400}}, {"pk": 52, "model": "activities.activity", "fields": {"slug": "tennis", "name": "Tennis", "description": "", "informations": "", "number": 500}}, {"pk": 53, "model": "activities.activity", "fields": {"slug": "vtt", "name": "VTT", "description": "", "informations": "", "number": 600}}, {"pk": 54, "model": "activities.activity", "fields": {"slug": "agres", "name": "Agr\u00e8s", "description": "", "informations": "", "number": 700}}, {"pk": 55, "model": "activities.activity", "fields": {"slug": "initiation-velo", "name": "Initiation v\u00e9lo", "description": "", "informations": "", "number": 800}}, {"pk": 56, "model": "activities.activity", "fields": {"slug": "initiation-natation", "name": "Initiation natation", "description": "", "informations": "", "number": 900}}, {"pk": 57, "model": "activities.activity", "fields": {"slug": "volley", "name": "Volley", "description": "", "informations": "", "number": 1000}}, {"pk": 58, "model": "activities.activity", "fields": {"slug": "patinage", "name": "Patinage", "description": "", "informations": "", "number": 1100}}, {"pk": 59, "model": "activities.activity", "fields": {"slug": "grimpe", "name": "Grimpe", "description": "", "informations": "", "number": 1200}}, {"pk": 60, "model": "activities.activity", "fields": {"slug": "foot-en-salle", "name": "Foot en salle", "description": "", "informations": "", "number": 1300}}, {"pk": 61, "model": "activities.activity", "fields": {"slug": "hockey-en-salle", "name": "Hockey en salle", "description": "", "informations": "", "number": 1400}}, {"pk": 62, "model": "activities.activity", "fields": {"slug": "athletisme", "name": "Athl\u00e9tisme", "description": "", "informations": "", "number": 1500}}, {"pk": 63, "model": "activities.activity", "fields": {"slug": "voile", "name": "Voile", "description": "", "informations": "", "number": 1600}}, {"pk": 64, "model": "activities.activity", "fields": {"slug": "ski-de-fond", "name": "Ski de fond", "description": "", "informations": "", "number": 1700}}, {"pk": 65, "model": "activities.activity", "fields": {"slug": "judo", "name": "Judo", "description": "", "informations": "", "number": 1800}}, {"pk": 66, "model": "activities.activity", "fields": {"slug": "hockey-sur-gazon", "name": "Hockey sur gazon", "description": "", "informations": "", "number": 1900}}, {"pk": 67, "model": "activities.activity", "fields": {"slug": "kin-ball", "name": "Kin-ball", "description": "", "informations": "", "number": 2000}}, {"pk": 68, "model": "activities.activity", "fields": {"slug": "danse-zumba", "name": "Danse-zumba", "description": "", "informations": "", "number": 2100}}, {"pk": 1, "model": "activities.extraneed", "fields": {"activity": 64, "question_label": "Taille des chaussures (25-45):"}}, {"pk": 57, "model": "activities.course", "fields": {"number_of_sessions": 10, "schoolyear_max": 6, "activity": 48, "start_time": "16:15:00", "start_date": "2014-01-06", "max_participants": 22, "schoolyear_min": 5, "end_date": "2014-03-17", "place": "salle de gymnastique de Commugny", "day": 1, "price": "10.00", "responsible": 36, "min_participants": 14, "number": 121, "end_time": "17:15:00"}}, {"pk": 58, "model": "activities.course", "fields": {"number_of_sessions": 10, "schoolyear_max": 4, "activity": 49, "start_time": "13:30:00", "start_date": "2013-09-25", "max_participants": 16, "schoolyear_min": 3, "end_date": "2013-12-11", "place": "salle de rythmique polysportive | \u00e9cole de Founex", "day": 3, "price": "20.00", "responsible": 37, "min_participants": 12, "number": 211, "end_time": "14:30:00"}}, {"pk": 59, "model": "activities.course", "fields": {"number_of_sessions": 10, "schoolyear_max": 2, "activity": 49, "start_time": "14:30:00", "start_date": "2013-09-25", "max_participants": 16, "schoolyear_min": 2, "end_date": "2013-12-11", "place": "salle de rythmique polysportive | \u00e9cole de Founex", "day": 3, "price": "10.00", "responsible": 37, "min_participants": 12, "number": 212, "end_time": "15:00:00"}}, {"pk": 60, "model": "activities.course", "fields": {"number_of_sessions": 10, "schoolyear_max": 2, "activity": 49, "start_time": "14:30:00", "start_date": "2014-01-08", "max_participants": 16, "schoolyear_min": 2, "end_date": "2014-03-19", "place": "salle de rythmique polysportive | \u00e9cole de Founex", "day": 3, "price": "10.00", "responsible": 37, "min_participants": 12, "number": 222, "end_time": "15:00:00"}}, {"pk": 61, "model": "activities.course", "fields": {"number_of_sessions": 10, "schoolyear_max": 6, "activity": 49, "start_time": "13:30:00", "start_date": "2014-01-08", "max_participants": 16, "schoolyear_min": 5, "end_date": "2014-03-19", "place": "salle de rythmique polysportive | \u00e9cole de Founex", "day": 3, "price": "20.00", "responsible": 37, "min_participants": 12, "number": 221, "end_time": "14:30:00"}}, {"pk": 62, "model": "activities.course", "fields": {"number_of_sessions": 10, "schoolyear_max": 5, "activity": 50, "start_time": "16:30:00", "start_date": "2014-01-09", "max_participants": 18, "schoolyear_min": 3, "end_date": "2014-03-20", "place": "salle de gym du Chaucey \u00e0 Coppet", "day": 4, "price": "10.00", "responsible": 38, "min_participants": 12, "number": 331, "end_time": "17:30:00"}}, {"pk": 63, "model": "activities.course", "fields": {"number_of_sessions": 10, "schoolyear_max": 8, "activity": 50, "start_time": "16:30:00", "start_date": "2013-09-26", "max_participants": 18, "schoolyear_min": 6, "end_date": "2013-12-12", "place": "salle de gym du Chaucey \u00e0 Coppet", "day": 4, "price": "10.00", "responsible": 38, "min_participants": 12, "number": 311, "end_time": "17:30:00"}}, {"pk": 64, "model": "activities.course", "fields": {"number_of_sessions": 9, "schoolyear_max": 8, "activity": 51, "start_time": "16:30:00", "start_date": "2013-09-23", "max_participants": 64, "schoolyear_min": 3, "end_date": "2013-12-02", "place": "centre sportif de Mies", "day": 1, "price": "20.00", "responsible": 36, "min_participants": 24, "number": 411, "end_time": "17:30:00"}}, {"pk": 65, "model": "activities.course", "fields": {"number_of_sessions": 5, "schoolyear_max": 4, "activity": 52, "start_time": "15:00:00", "start_date": "2014-03-05", "max_participants": 14, "schoolyear_min": 3, "end_date": "2014-04-09", "place": "salle de gymnastique aux Rojalets", "day": 3, "price": "10.00", "responsible": 39, "min_participants": 12, "number": 521, "end_time": "16:00:00"}}, {"pk": 66, "model": "activities.course", "fields": {"number_of_sessions": 5, "schoolyear_max": 6, "activity": 52, "start_time": "15:00:00", "start_date": "2014-03-05", "max_participants": 14, "schoolyear_min": 5, "end_date": "2014-04-09", "place": "salle de gymnastique aux Rojalets", "day": 3, "price": "10.00", "responsible": 39, "min_participants": 12, "number": 522, "end_time": "16:00:00"}}, {"pk": 67, "model": "activities.course", "fields": {"number_of_sessions": 5, "schoolyear_max": 6, "activity": 52, "start_time": "14:00:00", "start_date": "2014-03-05", "max_participants": 14, "schoolyear_min": 5, "end_date": "2014-04-09", "place": "salle de gymnastique aux Rojalets", "day": 3, "price": "10.00", "responsible": 39, "min_participants": 12, "number": 523, "end_time": "15:00:00"}}, {"pk": 68, "model": "activities.course", "fields": {"number_of_sessions": 5, "schoolyear_max": 8, "activity": 52, "start_time": "14:00:00", "start_date": "2014-03-05", "max_participants": 14, "schoolyear_min": 7, "end_date": "2014-04-09", "place": "salle de gymnastique aux Rojalets", "day": 3, "price": "10.00", "responsible": 39, "min_participants": 12, "number": 524, "end_time": "15:00:00"}}, {"pk": 69, "model": "activities.course", "fields": {"number_of_sessions": 4, "schoolyear_max": 6, "activity": 53, "start_time": "13:45:00", "start_date": "2014-04-30", "max_participants": 20, "schoolyear_min": 5, "end_date": "2014-05-21", "place": "Rojalets - parking sud", "day": 3, "price": "10.00", "responsible": 40, "min_participants": 12, "number": 631, "end_time": "16:45:00"}}, {"pk": 70, "model": "activities.course", "fields": {"number_of_sessions": 10, "schoolyear_max": 4, "activity": 54, "start_time": "16:30:00", "start_date": "2013-09-23", "max_participants": 16, "schoolyear_min": 3, "end_date": "2013-12-09", "place": "salle de gymnastique du Chaucey \u00e0 Coppet", "day": 1, "price": "10.00", "responsible": 41, "min_participants": 12, "number": 711, "end_time": "17:30:00"}}, {"pk": 71, "model": "activities.course", "fields": {"number_of_sessions": 10, "schoolyear_max": 6, "activity": 54, "start_time": "17:30:00", "start_date": "2013-09-23", "max_participants": 16, "schoolyear_min": 5, "end_date": "2013-12-09", "place": "salle de gymnastique du Chaucey \u00e0 Coppet", "day": 1, "price": "10.00", "responsible": 41, "min_participants": 12, "number": 712, "end_time": "18:30:00"}}, {"pk": 72, "model": "activities.course", "fields": {"number_of_sessions": 10, "schoolyear_max": 6, "activity": 54, "start_time": "16:30:00", "start_date": "2014-03-24", "max_participants": 16, "schoolyear_min": 5, "end_date": "2014-06-23", "place": "salle de gymnastique du Chaucey \u00e0 Coppet", "day": 1, "price": "10.00", "responsible": 41, "min_participants": 12, "number": 731, "end_time": "17:30:00"}}, {"pk": 73, "model": "activities.course", "fields": {"number_of_sessions": 10, "schoolyear_max": 8, "activity": 54, "start_time": "17:30:00", "start_date": "2014-03-24", "max_participants": 16, "schoolyear_min": 7, "end_date": "2014-06-23", "place": "salle de gymnastique du Chaucey \u00e0 Coppet", "day": 1, "price": "10.00", "responsible": 41, "min_participants": 12, "number": 732, "end_time": "18:30:00"}}, {"pk": 74, "model": "activities.course", "fields": {"number_of_sessions": 5, "schoolyear_max": 4, "activity": 55, "start_time": "14:00:00", "start_date": "2013-10-30", "max_participants": 14, "schoolyear_min": 2, "end_date": "2013-12-04", "place": "centre sportif des Rojalets - bulle de tennis", "day": 3, "price": "10.00", "responsible": 40, "min_participants": 8, "number": 811, "end_time": "15:00:00"}}, {"pk": 75, "model": "activities.course", "fields": {"number_of_sessions": 5, "schoolyear_max": 4, "activity": 55, "start_time": "15:00:00", "start_date": "2013-10-30", "max_participants": 14, "schoolyear_min": 2, "end_date": "2013-12-04", "place": "centre sportif des Rojalets - bulle de tennis", "day": 3, "price": "10.00", "responsible": 40, "min_participants": 8, "number": 812, "end_time": "16:00:00"}}, {"pk": 76, "model": "activities.course", "fields": {"number_of_sessions": 7, "schoolyear_max": 4, "activity": 56, "start_time": "16:30:00", "start_date": "2013-09-27", "max_participants": 14, "schoolyear_min": 2, "end_date": "2013-11-22", "place": "piscine couverte de Ch\u00e9serex", "day": 5, "price": "25.00", "responsible": 42, "min_participants": 10, "number": 911, "end_time": "17:30:00"}}, {"pk": 77, "model": "activities.course", "fields": {"number_of_sessions": 7, "schoolyear_max": 4, "activity": 56, "start_time": "16:30:00", "start_date": "2014-01-24", "max_participants": 14, "schoolyear_min": 2, "end_date": "2014-03-14", "place": "piscine couverte de Ch\u00e9serex", "day": 5, "price": "25.00", "responsible": 42, "min_participants": 10, "number": 921, "end_time": "17:30:00"}}, {"pk": 78, "model": "activities.course", "fields": {"number_of_sessions": 7, "schoolyear_max": 4, "activity": 56, "start_time": "16:30:00", "start_date": "2014-03-28", "max_participants": 14, "schoolyear_min": 2, "end_date": "2014-05-23", "place": "piscine couverte de Ch\u00e9serex", "day": 5, "price": "25.00", "responsible": 42, "min_participants": 10, "number": 931, "end_time": "17:30:00"}}, {"pk": 79, "model": "activities.course", "fields": {"number_of_sessions": 10, "schoolyear_max": 6, "activity": 57, "start_time": "16:15:00", "start_date": "2013-09-23", "max_participants": 22, "schoolyear_min": 5, "end_date": "2013-12-09", "place": "salle de gymnastique de Founex", "day": 1, "price": "10.00", "responsible": 43, "min_participants": 14, "number": 1011, "end_time": "17:15:00"}}, {"pk": 80, "model": "activities.course", "fields": {"number_of_sessions": 5, "schoolyear_max": 4, "activity": 58, "start_time": "16:15:00", "start_date": "2013-11-21", "max_participants": 22, "schoolyear_min": 2, "end_date": "2013-12-19", "place": "patinoire de Coppet, au Ch\u00e2teau", "day": 4, "price": "10.00", "responsible": 44, "min_participants": 12, "number": 1111, "end_time": "17:15:00"}}, {"pk": 81, "model": "activities.course", "fields": {"number_of_sessions": 5, "schoolyear_max": 4, "activity": 58, "start_time": "17:30:00", "start_date": "2013-11-21", "max_participants": 22, "schoolyear_min": 2, "end_date": "2013-12-19", "place": "patinoire de Coppet, au Ch\u00e2teau", "day": 4, "price": "10.00", "responsible": 44, "min_participants": 12, "number": 1112, "end_time": "18:30:00"}}, {"pk": 82, "model": "activities.course", "fields": {"number_of_sessions": 5, "schoolyear_max": 4, "activity": 58, "start_time": "16:15:00", "start_date": "2014-01-16", "max_participants": 22, "schoolyear_min": 2, "end_date": "2014-02-13", "place": "patinoire de Coppet, au Ch\u00e2teau", "day": 4, "price": "10.00", "responsible": 44, "min_participants": 12, "number": 1121, "end_time": "17:15:00"}}, {"pk": 83, "model": "activities.course", "fields": {"number_of_sessions": 5, "schoolyear_max": 4, "activity": 58, "start_time": "17:30:00", "start_date": "2014-01-16", "max_participants": 22, "schoolyear_min": 2, "end_date": "2014-02-13", "place": "patinoire de Coppet, au Ch\u00e2teau", "day": 4, "price": "10.00", "responsible": 44, "min_participants": 12, "number": 1122, "end_time": "18:30:00"}}, {"pk": 84, "model": "activities.course", "fields": {"number_of_sessions": 5, "schoolyear_max": 4, "activity": 59, "start_time": "16:15:00", "start_date": "2013-09-26", "max_participants": 8, "schoolyear_min": 3, "end_date": "2013-11-07", "place": "bloc d\u0092'escalade du Foyer de Founex, rue des canons 8, 1297 Founex", "day": 4, "price": "10.00", "responsible": 45, "min_participants": 6, "number": 1211, "end_time": "17:15:00"}}, {"pk": 85, "model": "activities.course", "fields": {"number_of_sessions": 5, "schoolyear_max": 6, "activity": 59, "start_time": "17:15:00", "start_date": "2013-09-26", "max_participants": 8, "schoolyear_min": 5, "end_date": "2013-11-07", "place": "bloc d\u0092'escalade du Foyer de Founex, rue des canons 8, 1297 Founex", "day": 4, "price": "10.00", "responsible": 45, "min_participants": 6, "number": 1212, "end_time": "18:15:00"}}, {"pk": 86, "model": "activities.course", "fields": {"number_of_sessions": 5, "schoolyear_max": 6, "activity": 59, "start_time": "16:15:00", "start_date": "2013-11-14", "max_participants": 8, "schoolyear_min": 5, "end_date": "2013-12-13", "place": "bloc d\u0092'escalade du Foyer de Founex, rue des canons 8, 1297 Founex", "day": 4, "price": "10.00", "responsible": 45, "min_participants": 6, "number": 1213, "end_time": "17:15:00"}}, {"pk": 87, "model": "activities.course", "fields": {"number_of_sessions": 5, "schoolyear_max": 4, "activity": 59, "start_time": "17:15:00", "start_date": "2013-11-14", "max_participants": 8, "schoolyear_min": 3, "end_date": "2013-12-13", "place": "bloc d\u0092'escalade du Foyer de Founex, rue des canons 8, 1297 Founex", "day": 4, "price": "10.00", "responsible": 45, "min_participants": 6, "number": 1214, "end_time": "18:15:00"}}, {"pk": 88, "model": "activities.course", "fields": {"number_of_sessions": 5, "schoolyear_max": 4, "activity": 59, "start_time": "16:15:00", "start_date": "2014-03-27", "max_participants": 8, "schoolyear_min": 3, "end_date": "2014-05-08", "place": "bloc d\u0092'escalade du Foyer de Founex, rue des canons 8, 1297 Founex", "day": 4, "price": "10.00", "responsible": 45, "min_participants": 6, "number": 1231, "end_time": "17:15:00"}}, {"pk": 89, "model": "activities.course", "fields": {"number_of_sessions": 5, "schoolyear_max": 6, "activity": 59, "start_time": "17:15:00", "start_date": "2014-03-27", "max_participants": 8, "schoolyear_min": 5, "end_date": "2014-05-08", "place": "bloc d\u0092'escalade du Foyer de Founex, rue des canons 8, 1297 Founex", "day": 4, "price": "10.00", "responsible": 45, "min_participants": 6, "number": 1232, "end_time": "18:15:00"}}, {"pk": 90, "model": "activities.course", "fields": {"number_of_sessions": 5, "schoolyear_max": 6, "activity": 59, "start_time": "16:15:00", "start_date": "2014-05-15", "max_participants": 8, "schoolyear_min": 5, "end_date": "2014-06-19", "place": "bloc d\u0092'escalade du Foyer de Founex, rue des canons 8, 1297 Founex", "day": 4, "price": "10.00", "responsible": 45, "min_participants": 6, "number": 1233, "end_time": "17:15:00"}}, {"pk": 91, "model": "activities.course", "fields": {"number_of_sessions": 5, "schoolyear_max": 4, "activity": 59, "start_time": "17:15:00", "start_date": "2014-05-15", "max_participants": 8, "schoolyear_min": 3, "end_date": "2014-06-19", "place": "bloc d\u0092'escalade du Foyer de Founex, rue des canons 8, 1297 Founex", "day": 4, "price": "10.00", "responsible": 45, "min_participants": 6, "number": 1234, "end_time": "18:15:00"}}, {"pk": 92, "model": "activities.course", "fields": {"number_of_sessions": 10, "schoolyear_max": 4, "activity": 60, "start_time": "16:15:00", "start_date": "2014-01-06", "max_participants": 22, "schoolyear_min": 3, "end_date": "2014-03-17", "place": "salle de gymnastique de Founex", "day": 1, "price": "10.00", "responsible": 46, "min_participants": 14, "number": 1321, "end_time": "17:15:00"}}, {"pk": 93, "model": "activities.course", "fields": {"number_of_sessions": 10, "schoolyear_max": 6, "activity": 60, "start_time": "16:15:00", "start_date": "2014-03-24", "max_participants": 22, "schoolyear_min": 5, "end_date": "2014-06-23", "place": "salle de gymnastique de Founex", "day": 1, "price": "10.00", "responsible": 46, "min_participants": 14, "number": 1331, "end_time": "17:15:00"}}, {"pk": 94, "model": "activities.course", "fields": {"number_of_sessions": 10, "schoolyear_max": 6, "activity": 61, "start_time": "16:15:00", "start_date": "2014-01-07", "max_participants": 22, "schoolyear_min": 5, "end_date": "2014-03-18", "place": "salle de gymnastique de Chavannes", "day": 2, "price": "10.00", "responsible": 47, "min_participants": 14, "number": 1421, "end_time": "17:15:00"}}, {"pk": 95, "model": "activities.course", "fields": {"number_of_sessions": 10, "schoolyear_max": 6, "activity": 62, "start_time": "16:15:00", "start_date": "2014-03-25", "max_participants": 18, "schoolyear_min": 5, "end_date": "2014-06-24", "place": "salle de gymnastique de Commugny", "day": 2, "price": "10.00", "responsible": 48, "min_participants": 12, "number": 1531, "end_time": "17:15:00"}}, {"pk": 96, "model": "activities.course", "fields": {"number_of_sessions": 10, "schoolyear_max": 8, "activity": 62, "start_time": "16:15:00", "start_date": "2013-09-24", "max_participants": 18, "schoolyear_min": 7, "end_date": "2013-12-10", "place": "salle de gymnastique de Commugny", "day": 2, "price": "10.00", "responsible": 48, "min_participants": 12, "number": 1511, "end_time": "17:15:00"}}, {"pk": 98, "model": "activities.course", "fields": {"number_of_sessions": 5, "schoolyear_max": 6, "activity": 63, "start_time": "16:15:00", "start_date": "2014-05-15", "max_participants": 12, "schoolyear_min": 5, "end_date": "2014-06-19", "place": "\u00e9cole de voile de Terre-Sainte, port de Crans", "day": 4, "price": "25.00", "responsible": 49, "min_participants": 10, "number": 1632, "end_time": "18:30:00"}}, {"pk": 99, "model": "activities.course", "fields": {"number_of_sessions": 5, "schoolyear_max": 8, "activity": 64, "start_time": "13:00:00", "start_date": "2014-01-08", "max_participants": 65, "schoolyear_min": 3, "end_date": "2014-02-19", "place": "Rojalets - parking nord", "day": 3, "price": "65.00", "responsible": 40, "min_participants": 40, "number": 1721, "end_time": "17:30:00"}}, {"pk": 100, "model": "activities.course", "fields": {"number_of_sessions": 10, "schoolyear_max": 6, "activity": 65, "start_time": "16:30:00", "start_date": "2013-09-26", "max_participants": 20, "schoolyear_min": 4, "end_date": "2013-12-12", "place": "aula du Chaucey \u00e0 Coppet", "day": 4, "price": "10.00", "responsible": 50, "min_participants": 14, "number": 1811, "end_time": "17:30:00"}}, {"pk": 101, "model": "activities.course", "fields": {"number_of_sessions": 10, "schoolyear_max": 8, "activity": 65, "start_time": "17:30:00", "start_date": "2013-09-26", "max_participants": 20, "schoolyear_min": 6, "end_date": "2013-12-12", "place": "aula du Chaucey \u00e0 Coppet", "day": 4, "price": "10.00", "responsible": 50, "min_participants": 14, "number": 1812, "end_time": "18:30:00"}}, {"pk": 102, "model": "activities.course", "fields": {"number_of_sessions": 10, "schoolyear_max": 8, "activity": 65, "start_time": "16:30:00", "start_date": "2014-01-09", "max_participants": 20, "schoolyear_min": 6, "end_date": "2014-03-20", "place": "aula du Chaucey \u00e0 Coppet", "day": 4, "price": "10.00", "responsible": 50, "min_participants": 14, "number": 1821, "end_time": "17:30:00"}}, {"pk": 103, "model": "activities.course", "fields": {"number_of_sessions": 10, "schoolyear_max": 6, "activity": 66, "start_time": "15:00:00", "start_date": "2013-09-25", "max_participants": 22, "schoolyear_min": 5, "end_date": "2013-12-11", "place": "centre sportif des Rojalets - terrain synth\u00e9tique", "day": 3, "price": "10.00", "responsible": 51, "min_participants": 14, "number": 1911, "end_time": "16:00:00"}}, {"pk": 104, "model": "activities.course", "fields": {"number_of_sessions": 10, "schoolyear_max": 4, "activity": 66, "start_time": "16:00:00", "start_date": "2014-03-26", "max_participants": 22, "schoolyear_min": 2, "end_date": "2014-06-25", "place": "centre sportif des Rojalets - terrain synth\u00e9tique", "day": 3, "price": "10.00", "responsible": 51, "min_participants": 14, "number": 1931, "end_time": "17:00:00"}}, {"pk": 105, "model": "activities.course", "fields": {"number_of_sessions": 10, "schoolyear_max": 7, "activity": 67, "start_time": "16:30:00", "start_date": "2014-03-25", "max_participants": 20, "schoolyear_min": 5, "end_date": "2014-06-24", "place": "salle de gymnastique de Chavannes", "day": 2, "price": "10.00", "responsible": 52, "min_participants": 14, "number": 2031, "end_time": "17:30:00"}}, {"pk": 106, "model": "activities.course", "fields": {"number_of_sessions": 10, "schoolyear_max": 8, "activity": 49, "start_time": "15:00:00", "start_date": "2013-09-25", "max_participants": 16, "schoolyear_min": 7, "end_date": "2013-12-11", "place": "salle de rythmique polysportive | \u00e9cole de Founex", "day": 3, "price": "20.00", "responsible": 37, "min_participants": 12, "number": 213, "end_time": "16:00:00"}}, {"pk": 107, "model": "activities.course", "fields": {"number_of_sessions": 5, "schoolyear_max": 8, "activity": 52, "start_time": "16:00:00", "start_date": "2014-03-05", "max_participants": 14, "schoolyear_min": 7, "end_date": "2014-04-09", "place": "salle de gymnastique aux Rojalets", "day": 3, "price": "10.00", "responsible": 39, "min_participants": 12, "number": 525, "end_time": "17:00:00"}}, {"pk": 108, "model": "activities.course", "fields": {"number_of_sessions": 5, "schoolyear_max": 4, "activity": 52, "start_time": "16:00:00", "start_date": "2014-03-05", "max_participants": 14, "schoolyear_min": 3, "end_date": "2014-04-09", "place": "salle de gymnastique aux Rojalets", "day": 3, "price": "10.00", "responsible": 39, "min_participants": 12, "number": 526, "end_time": "17:00:00"}}, {"pk": 109, "model": "activities.course", "fields": {"number_of_sessions": 4, "schoolyear_max": 8, "activity": 53, "start_time": "13:45:00", "start_date": "2014-04-30", "max_participants": 20, "schoolyear_min": 7, "end_date": "2014-05-21", "place": "Rojalets - parking sud", "day": 3, "price": "10.00", "responsible": 40, "min_participants": 12, "number": 632, "end_time": "16:45:00"}}, {"pk": 110, "model": "activities.course", "fields": {"number_of_sessions": 10, "schoolyear_max": 8, "activity": 54, "start_time": "16:30:00", "start_date": "2014-01-06", "max_participants": 16, "schoolyear_min": 7, "end_date": "2014-03-17", "place": "salle de gymnastique du Chaucey \u00e0 Coppet", "day": 1, "price": "10.00", "responsible": 41, "min_participants": 12, "number": 721, "end_time": "17:30:00"}}, {"pk": 111, "model": "activities.course", "fields": {"number_of_sessions": 10, "schoolyear_max": 4, "activity": 54, "start_time": "17:30:00", "start_date": "2014-01-06", "max_participants": 16, "schoolyear_min": 3, "end_date": "2014-03-17", "place": "salle de gymnastique du Chaucey \u00e0 Coppet", "day": 1, "price": "10.00", "responsible": 41, "min_participants": 12, "number": 722, "end_time": "18:30:00"}}, {"pk": 112, "model": "activities.course", "fields": {"number_of_sessions": 10, "schoolyear_max": 8, "activity": 61, "start_time": "16:15:00", "start_date": "2014-01-16", "max_participants": 22, "schoolyear_min": 7, "end_date": "2014-03-27", "place": "salle de gymnastique aux Rojalets", "day": 4, "price": "10.00", "responsible": 54, "min_participants": 14, "number": 1422, "end_time": "17:15:00"}}, {"pk": 114, "model": "activities.course", "fields": {"number_of_sessions": 5, "schoolyear_max": 8, "activity": 63, "start_time": "16:15:00", "start_date": "2014-05-15", "max_participants": 12, "schoolyear_min": 7, "end_date": "2014-06-19", "place": "\u00e9cole de voile de Terre-Sainte, port de Crans", "day": 4, "price": "25.00", "responsible": 49, "min_participants": 10, "number": 1634, "end_time": "18:30:00"}}, {"pk": 115, "model": "activities.course", "fields": {"number_of_sessions": 5, "schoolyear_max": 6, "activity": 63, "start_time": "16:15:00", "start_date": "2014-05-13", "max_participants": 12, "schoolyear_min": 5, "end_date": "2014-06-17", "place": "\u00e9cole de voile de Terre-Sainte, port de Crans", "day": 2, "price": "25.00", "responsible": 49, "min_participants": 10, "number": 1631, "end_time": "18:30:00"}}, {"pk": 116, "model": "activities.course", "fields": {"number_of_sessions": 5, "schoolyear_max": 8, "activity": 63, "start_time": "16:15:00", "start_date": "2014-05-13", "max_participants": 12, "schoolyear_min": 7, "end_date": "2014-06-17", "place": "\u00e9cole de voile de Terre-Sainte, port de Crans", "day": 2, "price": "25.00", "responsible": 49, "min_participants": 10, "number": 1633, "end_time": "18:30:00"}}, {"pk": 117, "model": "activities.course", "fields": {"number_of_sessions": 10, "schoolyear_max": 5, "activity": 65, "start_time": "17:30:00", "start_date": "2014-01-09", "max_participants": 20, "schoolyear_min": 3, "end_date": "2014-03-20", "place": "aula du Chaucey \u00e0 Coppet", "day": 4, "price": "10.00", "responsible": 50, "min_participants": 14, "number": 1822, "end_time": "18:30:00"}}, {"pk": 118, "model": "activities.course", "fields": {"number_of_sessions": 10, "schoolyear_max": 4, "activity": 65, "start_time": "16:30:00", "start_date": "2014-03-27", "max_participants": 20, "schoolyear_min": 2, "end_date": "2014-06-26", "place": "aula du Chaucey \u00e0 Coppet", "day": 4, "price": "10.00", "responsible": 50, "min_participants": 14, "number": 1831, "end_time": "17:30:00"}}, {"pk": 119, "model": "activities.course", "fields": {"number_of_sessions": 10, "schoolyear_max": 8, "activity": 66, "start_time": "16:00:00", "start_date": "2013-09-25", "max_participants": 22, "schoolyear_min": 7, "end_date": "2013-12-11", "place": "centre sportif des Rojalets - terrain synth\u00e9tique", "day": 3, "price": "10.00", "responsible": 51, "min_participants": 14, "number": 1912, "end_time": "17:00:00"}}, {"pk": 120, "model": "activities.course", "fields": {"number_of_sessions": 10, "schoolyear_max": 8, "activity": 68, "start_time": "13:15:00", "start_date": "2013-09-25", "max_participants": 16, "schoolyear_min": 7, "end_date": "2013-12-11", "place": "salle de danse aux Rojalets (extr\u00e9mit\u00e9 Jura)", "day": 3, "price": "10.00", "responsible": 55, "min_participants": 12, "number": 2111, "end_time": "14:00:00"}}, {"pk": 121, "model": "activities.course", "fields": {"number_of_sessions": 10, "schoolyear_max": 6, "activity": 68, "start_time": "13:15:00", "start_date": "2014-01-08", "max_participants": 16, "schoolyear_min": 4, "end_date": "2014-03-19", "place": "salle de gymnastique aux Rojalets", "day": 3, "price": "10.00", "responsible": 55, "min_participants": 12, "number": 2121, "end_time": "14:00:00"}}, {"pk": 122, "model": "activities.course", "fields": {"number_of_sessions": 10, "schoolyear_max": 3, "activity": 68, "start_time": "13:15:00", "start_date": "2014-03-26", "max_participants": 16, "schoolyear_min": 2, "end_date": "2014-06-25", "place": "salle de gymnastique aux Rojalets", "day": 3, "price": "10.00", "responsible": 55, "min_participants": 12, "number": 2131, "end_time": "14:00:00"}}, {"pk": 36, "model": "activities.responsible", "fields": {"last": "Garcia", "first": "Patrick", "email": "patrick.garciavillaraco@vd.educanet2.ch", "phone": "078 734 79 83"}}, {"pk": 37, "model": "activities.responsible", "fields": {"last": "Hadzopoulos", "first": "Georges", "email": "george.hadzopoulos@vd.educanet2.ch", "phone": " 079 790 78 60"}}, {"pk": 38, "model": "activities.responsible", "fields": {"last": "Barr\u00eato", "first": "Sarah", "email": "strobile@bluewin.ch", "phone": "078 841 35 59"}}, {"pk": 39, "model": "activities.responsible", "fields": {"last": "Gunn-Sechehaye", "first": "Karin", "email": "karingunn@sunrise.ch", "phone": " 079 574 11 35"}}, {"pk": 40, "model": "activities.responsible", "fields": {"last": "Aeschbach", "first": "Remo", "email": "remo@netplus.ch", "phone": "079 417 69 93"}}, {"pk": 41, "model": "activities.responsible", "fields": {"last": "Baud", "first": "Cassandra", "email": "perfect_unknown_storm@hotmail.com", "phone": "079 742 01 08"}}, {"pk": 42, "model": "activities.responsible", "fields": {"last": "Fritz", "first": "Nicolas", "email": "jfritz@infomaniak.ch", "phone": " 078 637 90 00"}}, {"pk": 43, "model": "activities.responsible", "fields": {"last": "Brzezinski", "first": "Gabrielle", "email": "gabrielle.brzezinski@vd.educanet2.ch", "phone": "079 690 84 21"}}, {"pk": 44, "model": "activities.responsible", "fields": {"last": "Hutter", "first": "Julie", "email": "jay.hutter@hotmail.fr", "phone": "079 715 48 86"}}, {"pk": 45, "model": "activities.responsible", "fields": {"last": "Gunn-Sechehaye", "first": "C\u00e9line", "email": "celinegunn@gmail.com", "phone": "077 412 67 45"}}, {"pk": 46, "model": "activities.responsible", "fields": {"last": "Desponds", "first": "Vincent", "email": "vincent.desponds@vd.educanet2.ch", "phone": "079 564 67 02"}}, {"pk": 47, "model": "activities.responsible", "fields": {"last": "Gantenbein", "first": "Julien", "email": "julien.gantenbein@vd.educanet2.ch", "phone": "076 616 91 45"}}, {"pk": 48, "model": "activities.responsible", "fields": {"last": "Fontanet", "first": "Chlo\u00e9", "email": "chloe.fontanet@vd.educanet2.ch", "phone": "079 546 92 29"}}, {"pk": 49, "model": "activities.responsible", "fields": {"last": "EVTS", "first": "", "email": "secretariat@voileterresainte.ch", "phone": "022 776 66 46"}}, {"pk": 50, "model": "activities.responsible", "fields": {"last": "Dracos", "first": "Jean-Michel", "email": "info@jmdartsmartiaux.ch", "phone": "078 771 36 15"}}, {"pk": 51, "model": "activities.responsible", "fields": {"last": "Boulahia", "first": "Kamel", "email": "kamel.boulahia@bluewin.ch", "phone": "079 244 74 44"}}, {"pk": 52, "model": "activities.responsible", "fields": {"last": "Courbet-Forrer", "first": "Elsa", "email": "elsa.courbet@vd.educanet2.ch", "phone": "076 206 06 26"}}, {"pk": 54, "model": "activities.responsible", "fields": {"last": "Tacchini", "first": "Nicolas", "email": "nicolas.tacchini@vd.educanet2.ch", "phone": " 079 421 25 77"}}, {"pk": 55, "model": "activities.responsible", "fields": {"last": "Berlin", "first": "Sonia", "email": "sonia.berlin@epcoppet.educanet2.ch", "phone": "078 638 67 94"}}]